snapshot_utc,chain,llama_name,native_token,market_cap_usd,token_circulating_market_cap_usd,token_volume_24h_usd,tvl_usd,network_fees_24h_usd,network_fees_30d_usd,network_fees_previous_30d_usd,network_fees_30d_change,dex_volume_24h_usd,tokenized_stock_value_usd,tokenized_stock_asset_count,tokenized_stock_market_share,tokenized_stock_7d_change,tokenized_stock_30d_change,tokenized_stock_network,tvl_to_mcap,fees_24h_to_mcap,fees_30d_to_mcap,dex_volume_24h_to_tvl,tokenized_stock_to_tvl,token_turnover_24h,market_data_source,onchain_data_source,activity_score
2026-09-29T06:59:45+00:00,polygon,Polygon,POL,1226097999.6354551,1226097998,51671359.56080955,763900359.1357502,982142.9299999995,36511615.490000024,39105403.29000016,-0.06632811790137985,274303973.99,3860199.7668428402,52,0.001223342664505769,0.08335532717456232,0.08335532717456462,Polygon,0.6230336884677031,0.000801031345204063,0.0297787089619718,0.35908344682588944,0.005053276544090297,0.04214292787050671,CoinPaprika,DefiLlama; RWA.xyz,3.395721325744581
2026-09-29T06:59:45+00:00,arbitrum,Arbitrum,ARB,2015849325.5204346,1367869599,224199461.43720996,1429797349.8145626,600247.2399999999,17286913.490000013,15565043.449999934,0.11062417175585118,215898922.28000003,166614862.93132427,5097,0.05280220783272435,-0.12926197165471887,-0.12926197165471698,Arbitrum,0.7092778868507098,0.0002977639411839638,0.008575498808938523,0.15099966600721496,0.11653040408344117,0.11121836270145244,CoinPaprika,DefiLlama; RWA.xyz,3.0366247757201625
2026-09-29T06:59:45+00:00,robinhood,Robinhood Chain,,,,,1011445765.919599,5256016.889999999,368511050.56999975,99860837.90000018,2.690245929430551,1615542244.0699997,148754041.12416375,301,0.04714190353253914,2.1618989442337297,2.161898944233737,Robinhood,,,,1.5972603756971195,0.14707070426946486,,missing,DefiLlama; RWA.xyz,3.0331908190156285
2026-09-29T06:59:45+00:00,optimism,OP Mainnet,OP,562860235.5264057,301368407,53485871.38365337,482265329.33395714,143098.09,4732664.359999998,5168962.909999995,-0.08440736712502304,34012340.71,19.40044700619988,1123,6.148229616774076e-09,0.8934152806098612,0.8934152806098652,Optimism,0.856811867128838,0.0002542337883687411,0.00840824073417418,0.07052619925420198,4.0227745654022616e-08,0.0950251376944964,CoinPaprika,DefiLlama; RWA.xyz,2.699114297391648
2026-09-29T06:59:45+00:00,arc,Arc,,,,,524799229.22641677,480268.57999999996,6980801.019999996,89560.07,76.94546185593641,104748003.38,,,,,,Arc,,,,0.19959633617298633,,,missing,DefiLlama; RWA.xyz,-0.1961450543759312
2026-09-29T06:59:45+00:00,base,Base,,,,,6234843784.600405,2147119.7299999995,67168751.44,48077717.38000008,0.3970869479743984,1210706507.23,8371267.718619819,904,0.0026529531046947078,-0.14877412182180486,-0.14877412182180305,Base,,,,0.1941839361268929,0.0013426587750756836,,missing,DefiLlama; RWA.xyz,-0.20865053289990226
2026-09-29T06:59:45+00:00,solana,Solana,SOL,75154218022.32425,70043981396,2556459265.455542,6441030435.642265,19569255.819999997,411412778.7599996,299037057.8199991,0.37579195621849437,2622276204.25,451185463.4742313,1533,0.1429859749264391,-0.09761448382248362,-0.09761448382248172,Solana,0.08570417742526419,0.00026038799065392483,0.005474247348802048,0.4071206044516262,0.07004864640563392,0.03401617810321912,CoinPaprika,DefiLlama; RWA.xyz,-0.45638279106253893
2026-09-29T06:59:45+00:00,avalanche,Avalanche,AVAX,7880502146.548482,4621862902,548990339.8145392,617136792.7643226,411470.62000000005,10062152.299999993,8244010.610000006,0.22054092067695508,133989421.53999999,414031455.4594782,705,0.13121143321690193,1.5096697420613032,1.509669742061308,Avalanche C-Chain,0.07831186151438553,5.2213756477462136e-05,0.0012768415150304902,0.21711462209184632,0.6708908953636021,0.06966438554362771,CoinPaprika,DefiLlama; RWA.xyz,-0.788339430524857
2026-09-29T06:59:45+00:00,ethereum,Ethereum,ETH,325196192800.44916,330221526915,11348940775.161993,53286520893.945175,14917180.279999996,335385639.9699998,283066146.5799991,0.18483133367279708,1784939460.42,693484912.8730143,2432,0.2197735175251007,0.034059346132575066,0.03405934613257733,Ethereum,0.16385960867212088,4.587132509621248e-05,0.0010313332302011396,0.03349701632749716,0.01301426516948329,0.03489875043563646,CoinPaprika,DefiLlama; RWA.xyz,-1.8988232145034365
2026-09-29T06:59:45+00:00,tron,Tron,TRX,31794070065.90081,31794063236,327872416.09312487,5620260744.525282,1109453.63,8042500.4,7804914.92,0.03044049582029274,28347312.0,,,,,,Tron,0.1767707227440824,3.4894986005264254e-05,0.0002529559878093618,0.005043771684011855,,0.010312376346077458,CoinPaprika,DefiLlama; RWA.xyz,-2.6197485016006254
2026-09-29T06:59:45+00:00,bsc,BSC,BNB,152966564138.5772,101844828646,721539409.7630976,5702366709.049447,3259630.6799999992,108279321.20000023,64444574.17000004,0.6801929812487759,1022678560.74,1069963590.4205556,2443,0.3390840341663935,0.15699394769194866,0.1569939476919513,BNB Chain,0.037278517309727206,2.130943254401006e-05,0.0007078626744986349,0.1793428260439734,0.18763500227415444,0.004716974678920241,CoinPaprika,DefiLlama; RWA.xyz,-2.8419244736205043
2026-09-29T06:59:45+00:00,bitcoin,Bitcoin,BTC,1762157528474.9524,1685874736014,27566026264.314445,4446545031.270248,402613.08,889201.8799999999,207404.78,3.2872776606209357,407459.0,,,,,,Bitcoin,0.0025233527419756176,2.2847734864455555e-07,5.046097557291338e-07,9.163496537976156e-05,,0.015643338248068708,CoinPaprika,DefiLlama; RWA.xyz,-3.1546372192842242
