token,metric,protocol,slug,total_30d_usd,previous_30d_usd,change_30d
ZRX,volume,0x,0x,1138392948.0,342310216.0,2.325617801602509
AERO,volume,Aerodrome V1,aerodrome-v1,410137698.0,265029516.0,0.5475170622127989
AERO,volume,Aerodrome Slipstream,aerodrome-slipstream,14312672257.0,13186093498.0,0.08543688539527448
AERO,volume,Aero Lite,aero-lite,36645205.0,,
AERO,fees,Aerodrome V1,aerodrome-v1,2047669.0,1193802.0,0.7152501001003516
AERO,fees,Aerodrome Slipstream,aerodrome-slipstream,17516658.0,6599139.0,1.6543853675456752
AERO,fees,Aero Lite,aero-lite,14923.0,,
AERO,holders_revenue,Aerodrome V1,aerodrome-v1,1410443.0,750483.0,0.8793803457240204
AERO,holders_revenue,Aerodrome Slipstream,aerodrome-slipstream,14066467.0,4627297.0,2.039888513747875
GMGN,volume,GMGN,gmgn,3862962167.0,5515361750.0,-0.2995994928165863
UNI,volume,Uniswap V1,uniswap-v1,2518322.0,1926272.0,0.3073553475313974
UNI,volume,Uniswap V2,uniswap-v2,1528637149.0,1238790793.0,0.23397522619462993
UNI,volume,Uniswap V3,uniswap-v3,42283339235.0,38258719150.0,0.1051948464145068
UNI,volume,Uniswap V4,uniswap-v4,42448562614.0,32801894345.0,0.29408875498284887
UNI,volume,Uniswap Auctions,uniswap-auctions,75602.09,540730.5400000002,-0.8601852782348858
UNI,fees,Uniswap V1,uniswap-v1,7496.299999999999,5603.99,0.33767190876500486
UNI,fees,Uniswap V2,uniswap-v2,3945757.0,4354482.0,-0.09386305879780879
UNI,fees,Uniswap V3,uniswap-v3,48642060.0,60701297.0,-0.19866522786160565
UNI,fees,Uniswap V4,uniswap-v4,94134948.0,107892713.0,-0.12751338452301222
UNI,holders_revenue,Uniswap V1,uniswap-v1,0.0,0.0,
UNI,holders_revenue,Uniswap V2,uniswap-v2,0.0,0.0,
UNI,holders_revenue,Uniswap V3,uniswap-v3,11799802.0,13132457.0,-0.10147796410070103
UNI,holders_revenue,Uniswap V4,uniswap-v4,0.0,0.0,
CRV,volume,Curve DEX,curve-dex,3145618160.0,3513506138.0,-0.10470679815274596
CRV,volume,Curve LlamaLend,curve-llamalend,311770.81,228736.82,0.36301103600198686
CRV,volume,Interest Curve,interest-curve,,,
CRV,volume,Meteora Dynamic Bonding Curve,meteora-dynamic-bonding-curve,524359745.0,249274507.0,1.103543404059365
CRV,volume,Bubble Curve,bubble-curve,58505.81,9441.0,5.196992903294142
CRV,fees,Curve DEX,curve-dex,3777663.0,4269008.0,-0.11509582554073453
CRV,fees,Interest Curve,interest-curve,,,
CRV,holders_revenue,Curve DEX,curve-dex,1658554.0,1024553.0,0.6188074213827884
1INCH,volume,1inch Aqua,1inch-aqua,5872650441.0,1027579531.0,4.715032524329253
1INCH,fees,1inch Aqua,1inch-aqua,70959.0,44256.0,0.6033758134490239
1INCH,holders_revenue,1inch Aqua,1inch-aqua,0.0,0.0,
ORCA,volume,Orca DEX,orca-dex,8269819574.0,7085321230.0,0.16717637853661577
ORCA,volume,Orca Wavebreak,orca-wavebreak,101.02,14638.74,-0.9930991328488654
ORCA,fees,Orca DEX,orca-dex,10555095.0,6127946.0,0.7224523518973568
ORCA,holders_revenue,Orca DEX,orca-dex,506645.0,290446.0,0.7443690049096906
RAY,volume,Raydium AMM,raydium-amm,9100082642.0,4873774790.0,0.8671528813090684
RAY,fees,Raydium AMM,raydium-amm,30854015.0,14624141.0,1.1098001585187123
RAY,holders_revenue,Raydium AMM,raydium-amm,3702485.0,1754898.0,1.1098006835724925
CAKE,volume,PancakeSwap AMM,pancakeswap-amm,1633470164.0,2624495709.0,-0.37760608318068317
CAKE,volume,PancakeSwap StableSwap,pancakeswap-stableswap,7580452.0,8051238.0,-0.058473740311738395
CAKE,volume,PancakeSwap AMM V1,pancakeswap-amm-v1,,,
CAKE,volume,PancakeSwap AMM V3,pancakeswap-amm-v3,18348280623.0,20097651675.0,-0.08704355515207227
CAKE,volume,PancakeSwap Infinity,pancakeswap-infinity,6341729537.0,6226992085.0,0.018425822681931353
CAKE,volume,PancakeSwap Prediction,pancakeswap-prediction,7563816.0,7597101.0,-0.004381276489545157
CAKE,volume,PancakeSwap Lottery,pancakeswap-lottery,127090.0,82840.0,0.5341622404635442
CAKE,volume,PancakeSwap X,pancakeswap-x,31077602.0,37660759.0,-0.1748014956363466
CAKE,fees,PancakeSwap AMM,pancakeswap-amm,2951377.0,6638303.0,-0.5554018850902106
CAKE,fees,PancakeSwap StableSwap,pancakeswap-stableswap,1673.53,1692.6000000000001,-0.011266690298948459
CAKE,fees,PancakeSwap AMM V3,pancakeswap-amm-v3,12491068.0,14601805.0,-0.14455315627074872
CAKE,fees,PancakeSwap Infinity,pancakeswap-infinity,1068704.0,929226.0,0.15010126707603963
CAKE,holders_revenue,PancakeSwap AMM,pancakeswap-amm,678817.0,1526808.0,-0.5554012030327323
CAKE,holders_revenue,PancakeSwap StableSwap,pancakeswap-stableswap,669.1299999999999,674.3499999999999,-0.00774078742492775
CAKE,holders_revenue,PancakeSwap AMM V3,pancakeswap-amm-v3,2585355.0,3086247.0,-0.16229809214881374
CAKE,holders_revenue,PancakeSwap Infinity,pancakeswap-infinity,145173.0,116934.0,0.241495202421879
GRAIL,volume,Camelot V2,camelot-v2,7746431.0,5079451.0,0.5250528059036301
GRAIL,volume,Camelot V3,camelot-v3,150014259.0,169485040.0,-0.1148820037449913
GRAIL,fees,Camelot V2,camelot-v2,23196.0,15280.19,0.5180439510241691
GRAIL,fees,Camelot V3,camelot-v3,79810.0,48537.0,0.6443125862743886
GRAIL,holders_revenue,Camelot V2,camelot-v2,5210.8,3438.18,0.5155692837489604
GRAIL,holders_revenue,Camelot V3,camelot-v3,8827.970000000001,5323.110000000001,0.6584233652883371
QUICK,volume,Quickswap Dex,quickswap-dex,347132524.0,340402213.0,0.019771642906446087
QUICK,volume,Quickswap V3,quickswap-v3,120891130.0,124804529.0,-0.03135622586260471
QUICK,volume,QuickSwap Liquidity Hub,quickswap-liquidity-hub,73155.0,42439.0,0.7237682320507081
QUICK,volume,Quickswap Hydra,quickswap-hydra,,,
QUICK,volume,Quickswap V4,quickswap-v4,60597704.0,53559461.0,0.13140989226908015
QUICK,fees,Quickswap Dex,quickswap-dex,949605.0,1011313.0,-0.061017706684280734
QUICK,fees,Quickswap V3,quickswap-v3,89618.0,59835.0,0.49775215175064763
QUICK,fees,Quickswap Hydra,quickswap-hydra,,,
QUICK,fees,Quickswap V4,quickswap-v4,15811.0,14717.0,0.07433580213358701
QUICK,holders_revenue,Quickswap Dex,quickswap-dex,110780.0,117992.0,-0.06112278798562614
QUICK,holders_revenue,Quickswap V3,quickswap-v3,8297.44,5541.9,0.497219365199661
QUICK,holders_revenue,Quickswap V4,quickswap-v4,1461.3899999999996,1361.7300000000002,0.07318631446762529
VELO,volume,Velodrome V1,velodrome-v1,470752.0,392275.0,0.20005608310496462
VELO,volume,Velodrome V2,velodrome-v2,14175205.0,12584262.0,0.12642322608985732
VELO,volume,Velodrome V3,velodrome-v3,590940067.0,529556109.0,0.11591587172115883
VELO,fees,Velodrome V1,velodrome-v1,226.26000000000005,182.54999999999998,0.23944124897288452
VELO,fees,Velodrome V2,velodrome-v2,131891.0,92852.0,0.4204432860896911
VELO,fees,Velodrome V3,velodrome-v3,290047.0,262908.0,0.1032262236219514
VELO,holders_revenue,Velodrome V1,velodrome-v1,226.26000000000005,182.54999999999998,0.23944124897288452
VELO,holders_revenue,Velodrome V2,velodrome-v2,128504.0,91003.0,0.4120853158687076
VELO,holders_revenue,Velodrome V3,velodrome-v3,279362.0,246442.0,0.13358112659368127
JOE,volume,Joe DEX,joe-dex,17283103.0,6234879.0,1.7720029530645263
JOE,volume,Joe V2,joe-v2,102932.79000000001,44176.75,1.330021787478708
JOE,volume,Joe V2.1,joe-v2.1,46681987.0,10968175.0,3.256130760131015
JOE,volume,Joe V2.2,joe-v2.2,103206542.0,62739271.0,0.6450070323577716
JOE,fees,Joe DEX,joe-dex,51778.0,18634.0,1.7786841257915638
JOE,fees,Joe V2,joe-v2,66.07999999999998,14.710000000000003,3.4921821889870817
JOE,fees,Joe V2.1,joe-v2.1,33752.33,6733.15,4.012858765956499
JOE,fees,Joe V2.2,joe-v2.2,69249.0,31664.0,1.1869946942900456
JOE,holders_revenue,Joe DEX,joe-dex,8629.8,3107.28,1.7772843129682547
JOE,holders_revenue,Joe V2,joe-v2,0.0,0.0,
JOE,holders_revenue,Joe V2.1,joe-v2.1,3586.8499999999995,717.9499999999999,3.9959607214987116
JOE,holders_revenue,Joe V2.2,joe-v2.2,8464.84,3999.52,1.116463975677081
SUN,volume,SUNSwap V1,sunswap-v1,13182287.0,7543287.0,0.7475520949951924
SUN,volume,SUNSwap V2,sunswap-v2,71754048.0,92763943.0,-0.22648773133759525
SUN,volume,SUNSwap V3,sunswap-v3,1132823658.0,1227914322.0,-0.0774407972089766
SUN,volume,SunSwap V4,sunswap-v4,30247901.0,,
SUN,fees,SUNSwap V1,sunswap-v1,39540.0,22374.0,0.7672298203271655
SUN,fees,SUNSwap V2,sunswap-v2,201289.0,278280.0,-0.276667385367256
SUN,fees,SUNSwap V3,sunswap-v3,480341.0,565888.0,-0.15117302363718615
SUN,fees,SunSwap V4,sunswap-v4,7468.0,,
SUN,holders_revenue,SUNSwap V2,sunswap-v2,33548.0,46379.0,-0.276655382824123
