token,matched_protocol_count_volume,matched_protocol_count_fees,matched_protocol_count_holders_revenue,matched_volume_protocols,matched_fee_protocols,matched_holders_revenue_protocols,token_market_cap_usd,token_circulating_market_cap_usd,token_price_usd,token_market_data_source,volume_30d_usd,volume_previous_30d_usd,volume_30d_change,fees_30d_usd,fees_previous_30d_usd,fees_30d_change,fee_pe,protocol_revenue_30d_usd,protocol_revenue_previous_30d_usd,protocol_revenue_30d_change,holders_revenue_30d_usd,holders_revenue_previous_30d_usd,holders_revenue_30d_change,holders_revenue_to_fees,holders_revenue_pe,burn_30d,burn_data_status,data_source
ZRX,1,0,0,0x,,,119127323.25979534,101067211,0.11912732325979535,zrx-0x,1166480788.0,349143933.0,2.340973958725498,,,,,,,,,,,,,,以 DefiLlama Holders Revenue 作为回购/销毁/持有人收入代理，具体机制以协议说明为准,DefiLlama dimensions; DefiLlama holders revenue; CoinPaprika
AERO,3,3,2,Aerodrome V1; Aerodrome Slipstream; Aero Lite,Aerodrome V1; Aerodrome Slipstream; Aero Lite,Aerodrome V1; Aerodrome Slipstream,1532331564.8324625,768896918,0.7689165899749492,aero-aerodrome-finance,14618700696.0,13720216079.0,0.06548618562758715,11743884.0,15828052.0,-0.2580335217498654,10.873259397774355,0,,,7788940.0,13190798.0,-0.40951714975849074,0.6632337308508838,16.39431001771382,7788940.0,以 DefiLlama Holders Revenue 作为回购/销毁/持有人收入代理，具体机制以协议说明为准,DefiLlama dimensions; DefiLlama holders revenue; CoinPaprika
GMGN,1,0,0,GMGN,,,,,,,3599179670.0,5742158144.0,-0.37320088027168064,,,,,,,,,,,,,,以 DefiLlama Holders Revenue 作为回购/销毁/持有人收入代理，具体机制以协议说明为准,DefiLlama dimensions; DefiLlama holders revenue; CoinPaprika
UNI,5,4,4,Uniswap V1; Uniswap V2; Uniswap V3; Uniswap V4; Uniswap Auctions,Uniswap V1; Uniswap V2; Uniswap V3; Uniswap V4,Uniswap V1; Uniswap V2; Uniswap V3; Uniswap V4,8607701261.848488,5381882778,8.607701261848488,uni-uniswap,84897194592.09,73872383891.2,0.14924130128421811,142676038.45,176027215.73000002,-0.18946602740769278,5.027532627623038,0,,,11433818.0,13445799.0,-0.14963640316205828,0.08013831982030337,62.73568798168503,11433818.0,以 DefiLlama Holders Revenue 作为回购/销毁/持有人收入代理，具体机制以协议说明为准,DefiLlama dimensions; DefiLlama holders revenue; CoinPaprika
CRV,5,2,1,Curve DEX; Curve LlamaLend; Interest Curve; Meteora Dynamic Bonding Curve; Bubble Curve,Curve DEX; Interest Curve,Curve DEX,798891604.3790585,571854442,0.3640552408194532,crv-curve-dao-token,3608007475.62,3805986004.82,-0.05201767136013509,3500095.0,4411003.0,-0.20650813431775042,19.02071239921246,35957.0,59707.0,-0.397775805181972,1380686.0,1147014.0,0.20372201211144764,0.3944710072155184,48.218277265737136,1380686.0,以 DefiLlama Holders Revenue 作为回购/销毁/持有人收入代理，具体机制以协议说明为准,DefiLlama dimensions; DefiLlama holders revenue; CoinPaprika
1INCH,1,1,1,1inch Aqua,1inch Aqua,1inch Aqua,149477932.65727857,140911298,0.09965195517128701,1inch-1inch,5830777712.0,1061085928.0,4.495104174070246,69986.0,44050.0,0.5887854710556186,177.98551693348023,15051.28,8286.970000000001,0.8162585359908384,0,,,0.0,,0,以 DefiLlama Holders Revenue 作为回购/销毁/持有人收入代理，具体机制以协议说明为准,DefiLlama dimensions; DefiLlama holders revenue; CoinPaprika
ORCA,2,1,1,Orca DEX; Orca Wavebreak,Orca DEX,Orca DEX,168229933.15157184,101202449,1.6822993315157184,orca-orca,8317687255.02,7117906274.74,0.16855813127770158,10274584.0,6533053.0,0.5727078901701854,1.3644504824686157,842515.0,536763.0,0.5696219746890154,493180.0,311785.0,0.5817951472970155,0.047999996885518675,28.42605356252143,493180.0,以 DefiLlama Holders Revenue 作为回购/销毁/持有人收入代理，具体机制以协议说明为准,DefiLlama dimensions; DefiLlama holders revenue; CoinPaprika
RAY,1,1,1,Raydium AMM,Raydium AMM,Raydium AMM,1036515026.527159,503996549,1.8675973546137419,ray-raydium,8817002635.0,5207516379.0,0.6931300822318547,29543543.0,15864859.0,0.862200162005852,2.923693079418287,1020099.0,520224.0,0.960884157593652,3545228.0,1903784.0,0.8622007538670353,0.12000009612929634,24.364089477629246,3545228.0,以 DefiLlama Holders Revenue 作为回购/销毁/持有人收入代理，具体机制以协议说明为准,DefiLlama dimensions; DefiLlama holders revenue; CoinPaprika
CAKE,8,4,4,PancakeSwap AMM; PancakeSwap StableSwap; PancakeSwap AMM V1; PancakeSwap AMM V3; PancakeSwap Infinity; PancakeSwap Prediction; PancakeSwap Lottery; PancakeSwap X,PancakeSwap AMM; PancakeSwap StableSwap; PancakeSwap AMM V3; PancakeSwap Infinity,PancakeSwap AMM; PancakeSwap StableSwap; PancakeSwap AMM V3; PancakeSwap Infinity,843809090.3858911,815197301,2.4652157233220886,cake-pancakeswap,25708844458.0,29302681034.0,-0.12264531603200605,16474333.81,22711732.44,-0.2746333264746756,4.268301529506537,1845670.87,2385435.43,-0.2262750662674613,3411432.24,4849987.15,-0.2966100456575437,0.20707558067867027,20.61228811005909,3411432.24,以 DefiLlama Holders Revenue 作为回购/销毁/持有人收入代理，具体机制以协议说明为准,DefiLlama dimensions; DefiLlama holders revenue; CoinPaprika
GRAIL,2,2,2,Camelot V2; Camelot V3,Camelot V2; Camelot V3,Camelot V2; Camelot V3,3095650.088225761,920305,30.956500882257608,grail-camelot-token,155526642.0,177831456.0,-0.12542670740996464,102519.0,65241.19,0.5713845808146663,2.516322249392601,7788.0999999999985,5069.629999999999,0.5362265096269353,13968.580000000002,8962.3,0.5585932182587062,0.13625357250851064,18.4679359452056,13968.580000000002,以 DefiLlama Holders Revenue 作为回购/销毁/持有人收入代理，具体机制以协议说明为准,DefiLlama dimensions; DefiLlama holders revenue; CoinPaprika
QUICK,5,4,3,Quickswap Dex; Quickswap V3; QuickSwap Liquidity Hub; Quickswap Hydra; Quickswap V4,Quickswap Dex; Quickswap V3; Quickswap Hydra; Quickswap V4,Quickswap Dex; Quickswap V3; Quickswap V4,12972585.953669777,9706749,13.038574177582522,quick-quickswap,533662158.0,514145434.0,0.037959539673749196,1126902.0,1077837.0,0.04552172545570434,0.9593104187165179,55243.1,53125.43,0.03986170088411516,128898.72,123958.67,0.03985239596391284,0.11438325604178536,8.386808103854571,128898.72,以 DefiLlama Holders Revenue 作为回购/销毁/持有人收入代理，具体机制以协议说明为准,DefiLlama dimensions; DefiLlama holders revenue; CoinPaprika
VELO,3,3,3,Velodrome V1; Velodrome V2; Velodrome V3,Velodrome V1; Velodrome V2; Velodrome V3,Velodrome V1; Velodrome V2; Velodrome V3,63682716.27230133,28166443,0.03351747712233642,velo-velodrome-finance,604388156.0,545147181.0,0.10866968969981705,410188.01,353805.15,0.15936133207783998,12.937708790395353,0,,,396292.01,335233.15,0.1821384907787311,0.966122851811295,13.391370223920935,396292.01,以 DefiLlama Holders Revenue 作为回购/销毁/持有人收入代理，具体机制以协议说明为准,DefiLlama dimensions; DefiLlama holders revenue; CoinPaprika
JOE,4,4,4,Joe DEX; Joe V2; Joe V2.1; Joe V2.2,Joe DEX; Joe V2; Joe V2.1; Joe V2.2,Joe DEX; Joe V2; Joe V2.1; Joe V2.2,18773511.99520545,12868739,0.037547023990410905,joe-lfj,172031392.79,80103449.75,1.1476152815753107,157951.22,57199.57,1.7614057238542178,9.904699266860918,0,,,21069.940000000002,7834.41,1.689409923657302,0.1333952343008177,74.250773041299,21069.940000000002,以 DefiLlama Holders Revenue 作为回购/销毁/持有人收入代理，具体机制以协议说明为准,DefiLlama dimensions; DefiLlama holders revenue; CoinPaprika
SUN,4,4,1,SUNSwap V1; SUNSwap V2; SUNSwap V3; SunSwap V4,SUNSwap V1; SUNSwap V2; SUNSwap V3; SunSwap V4,SUNSwap V2,339020158.57845676,327460710,0.0170355639505916,sun-sun,1653524409.0,1813176738.0,-0.08805116768490111,756443.0,867380.0,-0.12789896008669788,37.348061759495515,0,,,35078.0,46408.0,-0.2441389415617997,0.04637229771443453,805.3959713078871,35078.0,以 DefiLlama Holders Revenue 作为回购/销毁/持有人收入代理，具体机制以协议说明为准,DefiLlama dimensions; DefiLlama holders revenue; CoinPaprika
