platform,token,intro,chains,matched_protocols,tvl_usd,tvl_previous_30d_usd,tvl_30d_change,token_market_cap_usd,token_circulating_market_cap_usd,token_price_usd,token_market_data_source,market_cap_to_tvl,fees_30d_usd,fees_previous_30d_usd,fees_30d_change,protocol_revenue_30d_usd,protocol_revenue_previous_30d_usd,protocol_revenue_30d_change,holders_revenue_30d_usd,holders_revenue_previous_30d_usd,holders_revenue_30d_change,holders_revenue_to_fees,fee_ps,protocol_revenue_ps,holders_revenue_pe,data_status,data_source
Aave,AAVE,多链借贷龙头，覆盖 V2/V3/V4 与 RWA 借贷市场。,Arbitrum; Arc; Avalanche; Base; Binance; Celo; Ethereum; Fantom; Linea; Mantle; MegaETH; Metis; Monad; Optimism; Plasma; Polygon; Scroll; Soneium; Sonic; X Layer; xDai; zkSync Era,Aave V3; Aave V4; Aave Horizon RWA; Aave V2,18336263226.0,17956941154.0,0.021123980345366566,2694160961.6417727,2595895313,168.3850601026108,aave-new,0.1469307529257964,38093046.0,33732881.0,0.12925563636263385,4948618.0,4682049.0,0.05693426104681946,0.0,0.0,,0.0,5.893816248512858,45.36891177903563,,已匹配协议与代币,DefiLlama protocols/fees/revenue/holders revenue; CoinPaprika
Morpho,MORPHO,以独立借贷市场和金库为核心的模块化借贷协议。,0G; Abstract; Arbitrum; Arc; Avalanche; Base; Binance; Bitlayer; Botanix; Celo; Citrea; Corn; Ethereum; Etherlink; Flare; Fraxtal; Hemi; Hyperliquid L1; Ink; Katana; Klaytn; Linea; Lisk; MegaETH; Mode; Monad; Morph; Optimism; Pharos; Plume Mainnet; Polygon; RISE; Robinhood Chain; Scroll; Sei; Soneium; Sonic; Stable; TAC; Tempo; Unichain; World Chain; XDC; Zircuit; xDai,Morpho Blue,11194183160.0,9665753159.0,0.1581283916377323,2406381032.7211637,567613923,2.4063810327211637,morpho-morpho,0.21496709481401444,20973598.0,18615980.0,0.12664485028454048,0.0,0.0,,0.0,0.0,,0.0,9.561151726411637,,,已匹配协议与代币,DefiLlama protocols/fees/revenue/holders revenue; CoinPaprika
Spark,SPK,Spark 协议借贷产品，承接 DAI/USDS 体系内的链上信贷需求，平台代币为 SPK。,Ethereum; xDai,SparkLend,5120948428.0,4581326764.0,0.11778720265935608,218102645.04993272,37077449,0.021810264504993272,spk-spark,0.04259028344386458,6827233.0,5034028.0,0.3562167314126977,584123.0,424672.0,0.3754685969406978,687999.0,1144952.0,-0.39910232044662136,0.10077274351117063,2.6621649533314193,31.11539936079854,26.417509939444283,已匹配协议与代币,DefiLlama protocols/fees/revenue/holders revenue; CoinPaprika
Maple,SYRUP,机构信贷和链上固定收益平台，面向加密和 RWA 借贷。,Ethereum; Solana,Maple,2774862064.0,2999622155.0,-0.07492946757489194,275679201.98207223,273874277,0.22967989763931168,syrup-syrup-token,0.09934879486754633,9517966.0,9425693.0,0.009789518924497117,1296602.0,1125861.0,0.15165371213675577,144067.0,125099.0,0.1516239138602227,0.015136322193208087,2.413673975284147,17.718055989300765,159.46238091887352,已匹配协议与代币,DefiLlama protocols/fees/revenue/holders revenue; CoinPaprika
Compound,COMP,老牌货币市场协议，V3 聚焦隔离基础资产市场。,Arbitrum; Base; Ethereum; Linea; Mantle; Optimism; Polygon; Ronin; Scroll; Unichain,Compound V3; Compound V2,1542771642.0,1520936500.0,0.014356379769964098,242923310.41757756,234862847,24.292331041757755,comp-compoundd,0.15745901973065796,2433532.0,2351187.0,0.03502273532475299,339485.0,253100.0,0.34130778348478863,0.0,0.0,,0.0,8.318612289242466,59.63034950429267,,已匹配协议与代币,DefiLlama protocols/fees/revenue/holders revenue; CoinPaprika
Kamino Lend,KMNO,Solana 生态借贷与流动性管理协议。,Solana,Kamino Lend,1313232520.0,1337599215.0,-0.018216738412185747,347180165.8753336,46869322,0.03471801658753336,kmno-kamino,0.26437067357678107,4696802.0,4289765.0,0.09488561727740331,607355.0,574990.0,0.05628793544235552,0.0,0.0,,0.0,6.159868031399053,47.63553521352608,,已匹配协议与代币,DefiLlama protocols/fees/revenue/holders revenue; CoinPaprika
Venus,XVS,BNB Chain 起家的多链借贷市场。,Arbitrum; Base; Binance; Ethereum; Op_Bnb; Optimism; Unichain; zkSync Era,Venus Core Pool,1281600176.0,1274840189.0,0.00530261522842531,92777103.54451181,51930690,3.119070888074803,xvs-venus,0.07239161267446004,1520992.0,1083439.0,0.4038556854608335,445280.0,258908.0,0.719838707185564,295753.0,125621.0,1.3543276999864673,0.19444743956575708,5.083146588131946,17.363064353611176,26.141494068956135,已匹配协议与代币,DefiLlama protocols/fees/revenue/holders revenue; CoinPaprika
Jupiter Lend,JUP,Jupiter 生态的 Solana 借贷市场。,Solana,Jupiter Lend,1119093957.0,1082008234.0,0.034274899057745986,3822421759.8730745,1268802907,0.3822421759873075,jup-jupiter-exchange-token,3.415639711003349,3901713.0,3664575.0,0.06471091463539429,98273.0,91851.0,0.06991758391307662,98273.0,91851.0,0.06991758391307662,0.0251871421603793,81.63981990886812,3241.3292222287864,3241.3292222287864,已匹配协议与代币,DefiLlama protocols/fees/revenue/holders revenue; CoinPaprika
Lista Lending,LISTA,围绕 lisUSD 和 BNB 资产的借贷市场。,Binance; Ethereum,Lista Lending,983451469.0,857602041.0,0.1467457188572619,82493784.20074691,18973570,0.0824937842007469,lista-lista-dao,0.08388190653131955,396935.0,360715.0,0.10041168235310426,116419.0,277218.0,-0.5800453073032775,0.0,0.0,,0.0,17.31891119888372,59.04948519338689,,已匹配协议与代币,DefiLlama protocols/fees/revenue/holders revenue; CoinPaprika
Fluid Lending,FLUID,原 Instadapp 生态的流动性与借贷基础设施。,Arbitrum; Base; Ethereum; Plasma; Polygon,Fluid Lending,702671797.0,750732408.0,-0.06401829798188224,205731515.94809178,81133932,2.057315159480918,inst-instadapp,0.29278464971334517,3186134.0,3262707.0,-0.023469162263114646,398104.0,406479.0,-0.02060377042848462,0.0,0.0,,0.0,5.380907706855491,43.06485992523138,,已匹配协议与代币,DefiLlama protocols/fees/revenue/holders revenue; CoinPaprika
Dolomite,DOLO,支持保证金、借贷和多资产策略的 DeFi 货币市场。,Arbitrum; Berachain; Botanix; Ethereum; Mantle; Polygon zkEVM; X Layer,Dolomite,354791347.0,318352261.0,0.11446152725769396,28318641.722673837,10242682,0.028318641722673836,dolo-dolomite,0.07981773502123725,1296575.0,1104677.0,0.1737141263916964,,,,,,,,1.8200927907932976,,,已匹配协议与代币,DefiLlama protocols/fees/revenue/holders revenue; CoinPaprika
Euler,EUL,模块化借贷协议，V2 面向可组合借贷金库。,Arbitrum; Avalanche; BOB; Base; Berachain; Binance; Ethereum; Hyperliquid L1; Linea; Mantle; Monad; Plasma; Sonic; Swellchain; TAC; Unichain,Euler V2,301919585.0,341560138.0,-0.11605731638391598,37629306.04034552,25866469,1.384304822272125,eul-euler,0.12463353790164199,1706906.0,1311443.0,0.30154798950469064,74471.0,44910.0,0.6582275662435983,0.04,1.2,-0.9666666666666667,2.3434213717685684e-08,1.837110832911787,42.10733712938092,78394387.58405317,已匹配协议与代币,DefiLlama protocols/fees/revenue/holders revenue; CoinPaprika
BENQI,QI,Avalanche 生态代表性借贷市场。,Avalanche,Benqi Lending,121723166.0,96105226.0,0.2665613626463976,20324207.02418018,20324207,0.002822806531136136,qi-benqi,0.16697073935934414,164116.0,134637.0,0.21895169975563925,29852.0,24897.0,0.19901996224444712,0.0,0.0,,0.0,10.320041426074738,56.73602836264511,,已匹配协议与代币,DefiLlama protocols/fees/revenue/holders revenue; CoinPaprika
Gearbox,GEAR,面向杠杆策略和信用账户的借贷协议。,Arbitrum; Binance; Ethereum; Etherlink; Hemi; Lisk; Monad; Optimism; Plasma; Somnia; Sonic,Gearbox,23458971.0,22217427.0,0.055881538397763164,6156793.701947702,6156793,0.0006156793701947702,gear-gearbox,0.2624494357381533,5784.0,-12798.0,-1.4519456165025786,1139.6500000000005,3026.850000000001,-0.6234864628243884,0.0,0.0,,0.0,88.70438136738852,450.19623729125163,,已匹配协议与代币,DefiLlama protocols/fees/revenue/holders revenue; CoinPaprika
Moonwell,WELL,Base、Optimism、Moonbeam 等生态的借贷协议。,Base; Ethereum; Moonbeam; Optimism,Moonwell Lending,12625013.0,16454456.0,-0.23272984533794372,10954425.73834013,8440716,0.002190885147668026,well-moonwell,0.8676763927561999,128637.0,512033.0,-0.7487720518013488,21827.0,81064.0,-0.7307436099871706,0.0,0.0,,0.0,7.096471555838089,41.82291709938811,,已匹配协议与代币,DefiLlama protocols/fees/revenue/holders revenue; CoinPaprika
Silo,SILO,隔离风险池设计的借贷协议。,Arbitrum; Avalanche; Ethereum; Sonic,Silo V2,6231283.0,5759497.0,0.0819144449593428,890341.6159447695,0,0.0008903416159447695,silo-silo-finance,0.14288255178664963,4901.41,5318.950000000001,-0.07850045591705145,676.9399999999999,785.1799999999998,-0.13785374054356953,0.0,0.0,,0.0,15.137508321496085,109.60370883987375,,已匹配协议与代币,DefiLlama protocols/fees/revenue/holders revenue; CoinPaprika
Radiant,RDNT,多链货币市场，历史上强调跨链借贷流动性。,Arbitrum; Base; Binance; Ethereum,Radiant V2,550401.0,677503.0,-0.1876035973272443,888662.7976380279,682804,0.0005924418650920186,rdnt-radiant-capital,1.6145733703936365,1462.5400000000002,1327.4699999999998,0.10174994538483009,584.87,531.5,0.10041392285983068,876.6999999999998,798.0799999999999,0.09851142742582185,0.5994365966059046,50.63467196555466,126.61827950912566,84.47043816185963,已匹配协议与代币,DefiLlama protocols/fees/revenue/holders revenue; CoinPaprika
World Liberty Financial,WLFI,围绕 USD1 与链上美元流动性搭建的借贷与收益平台。,,World Liberty Financial,,,,5701985037.39551,1811996076,0.0570198503739551,wlfi-official-world-liberty-financial,,11778664.0,10651385.0,0.10583403003459174,11778664.0,10651385.0,0.10583403003459174,0.0,0.0,,0.0,40.34119827027574,40.34119827027574,,已匹配协议与代币,DefiLlama protocols/fees/revenue/holders revenue; CoinPaprika
