platform,token,intro,chains,matched_protocols,tvl_usd,tvl_previous_30d_usd,tvl_30d_change,token_market_cap_usd,token_circulating_market_cap_usd,token_price_usd,token_market_data_source,market_cap_to_tvl,fees_30d_usd,fees_previous_30d_usd,fees_30d_change,holders_revenue_30d_usd,holders_revenue_previous_30d_usd,holders_revenue_30d_change,holders_revenue_to_fees,fee_ps,holders_revenue_pe,data_status,data_source
Jupiter Perps,JUP,Solana 生态核心永续合约产品，依托 Jupiter 交易入口和流动性网络。,Solana,Jupiter Perpetual Exchange,765893364.0,750117405.0,0.021031319757205208,3341783005.3700447,1109261159,0.3341783005370045,jup-jupiter-exchange-token,4.363248413482852,7758115.0,9321100.0,-0.1676824623703211,969761.0,1165137.0,-0.16768500184956792,0.12499956497164581,35.89556446561702,287.16551512606753,已匹配协议与代币,DefiLlama protocols/fees/holders revenue; CoinPaprika
GMX,GMX,老牌链上永续平台，覆盖 Arbitrum、Avalanche 等多链市场。,Arbitrum; Avalanche; Botanix; MegaETH; Solana,GMX V2 Perps; GMX Solana; GMX V1 Perps,240293153.0,237693783.0,0.01093579296518664,113489427.18697698,86033285,8.565239787696376,gmx-gmx,0.47229571783502705,5594404.0,5147875.0,0.08674045115703082,318468.0,525000.0,-0.3933942857142857,0.0569261712239588,1.6905200742708992,29.69671133546044,已匹配协议与代币,DefiLlama protocols/fees/holders revenue; CoinPaprika
Hyperliquid,HYPE,高性能链上永续合约交易生态，HLP 承担做市和流动性收益角色。,Hyperliquid L1,Hyperliquid HLP,179649854.0,188042573.0,-0.04463201532559331,90371309550.67467,20102710478,90.37130955067467,hype-hyperliquid,503.0413748662143,554739.0,580784.0,-0.04484455494641726,,,,,13575.649922857816,,已匹配协议与代币,DefiLlama protocols/fees/holders revenue; CoinPaprika
Lighter,LIT,Robinhood Chain 上的链上永续合约平台，当前 TVL 体量处于新兴平台前列。,Robinhood Chain,Lighter Robinhood Perps,111834971.0,69909220.0,0.5997170473365315,3673339072.734221,918334768,3.673339072734221,lit-lighter,32.84606809380065,2111945.0,1029533.0,1.0513621224380374,0.0,0.0,,0.0,144.94297408053637,,已匹配协议与代币,DefiLlama protocols/fees/holders revenue; CoinPaprika
dYdX,DYDX,订单簿型去中心化永续交易所，已迁移到独立 dYdX Chain。,Ethereum; dYdX,dYdX V4; dYdX V3,108620518.0,108114420.0,0.004681133192038583,145983433.43951857,108611499,0.14598343343951858,dydx-dydx-chain,1.3439765904957162,274996.0,292160.0,-0.058748630887185106,274996.0,292160.0,-0.058748630887185106,1.0,44.238047535090985,44.238047535090985,已匹配协议与代币,DefiLlama protocols/fees/holders revenue; CoinPaprika
Derive,DRV,面向期权与永续等衍生品的链上交易协议。,Arbitrum; Base; Blast; Ethereum; Hyperliquid L1; Mode; Optimism,Derive V2,25444705.0,158804537.0,-0.8397734379591435,421831432.75276655,311113202,0.4218314327527665,drv-derive,16.57835815949788,177277.0,167260.0,0.05988879588664355,0.0,0.0,,0.0,198.2920480156133,,已匹配协议与代币,DefiLlama protocols/fees/holders revenue; CoinPaprika
Aevo Perps,AEVO,衍生品 L2 交易平台，覆盖永续与期权场景。,Arbitrum; Base; Ethereum; Optimism,Aevo Perps,15234114.0,15445664.0,-0.013696400491425943,26488469.64721092,24705843,0.026488469647210917,aevo-aevo,1.738760104277211,,,,,,,,,,已匹配协议与代币,DefiLlama protocols/fees/holders revenue; CoinPaprika
Fulcrom,FUL,Cronos 生态永续交易协议。,Cronos; Cronos zkEVM; zkSync Era,Fulcrom Perps,12985846.0,12593917.0,0.031120500476539588,22436445.054405965,2366148,0.0011218222527202982,ful-fulcrom,1.7277615223841376,74343.0,177609.0,-0.5814232386872287,14865.0,35517.35,-0.5814721537502094,0.1999515758040434,25.149694719527467,125.77892731475482,已匹配协议与代币,DefiLlama protocols/fees/holders revenue; CoinPaprika
Contango,TANGO,多链到期合约和利率衍生品协议。,Arbitrum; Avalanche; Base; Binance; Ethereum; Linea; Optimism; Polygon; Scroll; xDai,Contango V2; Contango V1,12513033.0,8773475.0,0.4262345307874018,2332393.8360706638,0,0.0023323938360706635,tango-contango,0.1863971617489272,1004.4600000000003,1568.31,-0.35952713430380456,1004.4600000000003,1568.31,-0.35952713430380456,1.0,193.50312905032413,193.50312905032413,已匹配协议与代币,DefiLlama protocols/fees/holders revenue; CoinPaprika
MUX Perps,MCB,多链永续聚合与流动性协议，面向杠杆交易场景。,Arbitrum; Avalanche; Binance; Fantom; Optimism,MUX Perps,9696323.0,9613208.0,0.008645917158975443,11724203.990540218,9328124,2.440944188116035,mcb-mcdex,1.2091391747717375,4660.4400000000005,7868.639999999999,-0.4077197584334776,0.0,0.0,,0.0,209.64050587748898,,已匹配协议与代币,DefiLlama protocols/fees/holders revenue; CoinPaprika
Gains Network,GNS,gTrade 背后的多链合成杠杆交易协议。,ApeChain; Arbitrum; Base; MegaETH; Polygon,Gains Network,8380894.0,10011974.0,-0.16291292805994104,10374844.41883816,10374894,0.4222769391426172,gns-gains-network,1.2379161959139633,780316.0,488721.0,0.5966492129456274,39716.0,67004.0,-0.4072592681033968,0.050897328774496486,1.1079746772288577,21.768817812380735,已匹配协议与代币,DefiLlama protocols/fees/holders revenue; CoinPaprika
SynFutures,F,支持任意资产合约市场的链上衍生品协议。,Base; Blast,SynFutures V3,3058462.0,3052411.0,0.0019823673810636902,34555391.985842556,6647011,0.0034555391985842555,f-synfutures,11.298290443315155,227562.0,232219.0,-0.020054345251680525,0.0,0.0,,0.0,12.654204123800165,,已匹配协议与代币,DefiLlama protocols/fees/holders revenue; CoinPaprika
Bluefin Pro,BLUE,Sui 生态订单簿衍生品交易平台。,Sui,Bluefin Pro,1574456.0,1713305.0,-0.08104161255584966,10337113.015578276,6240757,0.010337113015578275,blue-bluefin,6.565514066813093,17243.0,19112.0,-0.09779196316450398,,,,,49.95801685504396,,已匹配协议与代币,DefiLlama protocols/fees/holders revenue; CoinPaprika
ApeX Pro,APEX,多链订单簿永续交易平台。,Arbitrum; Avalanche; Binance; Ethereum; Mantle; Optimism; Polygon,ApeX Pro,1426610.0,1430200.0,-0.0025101384421759194,120104196.78482601,23504335,0.240208393569652,apex-apex-token,84.18852859914483,,,,,,,,,,已匹配协议与代币,DefiLlama protocols/fees/holders revenue; CoinPaprika
KiloEx,KILO,部署在 BSC、Base、opBNB 等网络的多链永续协议。,BSquared; Base; Binance; Manta; Op_Bnb; Taiko,KiloEx,1351425.0,1378741.0,-0.01981227801305684,8214453.11077006,1738999,0.00821445311077006,kilo-kiloex,6.078364031130148,1205.26,3966.89,-0.6961700475687503,,,,,567.9585809126979,,已匹配协议与代币,DefiLlama protocols/fees/holders revenue; CoinPaprika
Synthetix Perps,SNX,合成资产与衍生品基础设施，支持链上永续市场。,Ethereum,Synthetix V4,893628.0,850142.0,0.05115145469815631,86582096.76317844,86474182,0.2547357526656899,snx-synthetix-network-token,96.88829889302757,8867.0,4802.0,0.8465222823823407,0.0,0.0,,0.0,813.7109202960269,,已匹配协议与代币,DefiLlama protocols/fees/holders revenue; CoinPaprika
Parcl,PRCL,围绕房地产指数等资产构建的 Solana 衍生品协议。,Solana,Parcl V3,763331.0,1094399.0,-0.30251124132971613,0,0,0.006268664534947928,prcl-parcl,,,0.0,,,,,,,,已匹配协议与代币,DefiLlama protocols/fees/holders revenue; CoinPaprika
Drift,DRIFT,Solana 生态衍生品与保证金交易协议。,Solana,Drift Trade,642427.0,642662.0,-0.00036566655567001006,20081445.30640854,12404193,0.02008144530640854,drift-drift-protocol,31.258719366416013,,0.0,,,,,,,,已匹配协议与代币,DefiLlama protocols/fees/holders revenue; CoinPaprika
Perpetual Protocol,PERP,早期链上永续协议，主要部署在 Ethereum / Optimism 生态。,Ethereum; Optimism,Perpetual Protocol,437059.0,440197.0,-0.007128626501316456,3246234.934294257,1428390,0.021641566228628378,perp-perpetual-protocol,7.427452436156805,0.0,0.0,,,,,,,,已匹配协议与代币,DefiLlama protocols/fees/holders revenue; CoinPaprika
Adrena,ADX,Solana 生态永续合约交易协议。,Solana,Adrena Protocol,180463.0,507197.0,-0.6441954506828708,12636.47448995349,3737,1.263647448995349e-05,adx-adrena,0.07002252256669506,,45.48,,,13.680000000000001,,,,,已匹配协议与代币,DefiLlama protocols/fees/holders revenue; CoinPaprika
Aster Perps,ASTER,面向永续合约和现货交易的衍生品平台，Perps 手续费数据已收录但 TVL 口径暂缺。,,Aster Perps,,,,5694781536.407818,1180029919,0.7118476920509772,aster-aster,,5413149.0,5769082.0,-0.06169664428413394,,,,,87.6689572066065,,已匹配协议与代币,DefiLlama protocols/fees/holders revenue; CoinPaprika
