protocol,slug,token,category,intro,intro_zh,chains,tvl_usd,market_cap_usd,market_cap_to_tvl,fees_30d_usd,fees_previous_30d_usd,fees_30d_change,protocol_revenue_30d_usd,protocol_revenue_previous_30d_usd,protocol_revenue_30d_change,holders_revenue_30d_usd,holders_revenue_previous_30d_usd,holders_revenue_30d_change,fee_ps,protocol_revenue_pe,holders_revenue_pe,valuation_pe,valuation_pe_basis,data_source
HawkFi,hawkfi,HAWK,Liquidity Manager,HawkFi is the leading analytics & automation platform for on-chain market makers to get the smartest yield on Solana memecoins and ecosystem tokens. HawkFi currently automates market making for Meteora DLMM (Dynamic Liquidity Market Making) and Orca CLMM (Concentrated Liquidity Market Making).,HawkFi 是流动性管理协议，帮助 LP 和做市方自动管理集中流动性头寸，主要覆盖 Solana。,Solana,963247.6327703823,4543.0295128949065,0.004716367171159057,848069.0,183607.0,3.618936097207623,67847.0,14680.0,3.621730245231608,0.0,0.0,,0.00044640918691903867,0.005579993113052047,,0.005579993113052047,协议收入,DefiLlama protocols/fees/protocol revenue/holders revenue
fly.trade,fly.trade,FLY,Cross Chain Bridge,"Fly (previously Magpie Protocol), is an aggregation infra for DEXs, LSTs and chains.",fly.trade 是跨链桥协议，提供资产跨链转移和链间流动性服务。,,,93103.58560584387,,184449.0,148061.0,0.24576357042029975,131517.0,103462.0,0.27116235912702247,0.0,0.0,,0.04206383408866582,0.05899337829953787,,0.05899337829953787,协议收入,DefiLlama protocols/fees/protocol revenue/holders revenue
AGNT,agnt,AGNT,Launchpad,"AGNT, an AI-agent platform whose token launchpad launches tokens via Doppler V4 on Base.",AGNT 是链上发行平台，提供项目启动、代币发行和流动性初始化服务。,,,37498.76638291314,,82229.0,7145.0,10.508607417774668,25895.99,2050.0299999999997,11.632005385287048,0.0,,,0.0380023738410548,0.1206710845415099,,0.1206710845415099,协议收入,DefiLlama protocols/fees/protocol revenue/holders revenue
Aark Digital,aark-digital,AARK,Derivatives,Aark Digital is a Peer-to-Pool perpetuals DEX built on Arbitrum,Aark Digital 是链上衍生品协议，提供永续、期权或杠杆交易服务，主要覆盖 Arbitrum。,Arbitrum,0.0,512562.4430603864,,247083.0,194118.0,0.2728495039099929,247083.0,194118.0,0.2728495039099929,0.0,0.0,,0.1728712089528574,0.1728712089528574,,0.1728712089528574,协议收入,DefiLlama protocols/fees/protocol revenue/holders revenue
Foci,foci,FOCI,Launchpad,Foci — token launchpad on Arc.,Foci 是链上发行平台，提供项目启动、代币发行和流动性初始化服务，主要覆盖 Arc。,Arc,18026.984720641,67463.95503914305,3.742387098264772,50177.4,,,13608.279999999999,,,27547.78,,,0.11204239863488186,0.41313055384383046,0.20408164480992375,0.20408164480992375,持有人收入,DefiLlama protocols/fees/protocol revenue/holders revenue
MineBean,minebean,BEAN,Gamified Mining,"BEAN is a gamified mining protocol on Base. Players compete in continuous 60-second rounds to earn ETH and BEAN tokens, Competitive gaming mechanics layered with DeFi infrastructure.",MineBean 是游戏化挖矿协议，通过链上竞赛或交互机制分配代币和收益，主要覆盖 Base。,Base,0.0,66472.58087732765,,26410.0,49936.0,-0.4711230374879846,4515.0,8528.0,-0.4705675422138837,21898.0,41364.0,-0.4706024562421429,0.20974561680338147,1.2268841062629687,0.2529629071046353,0.2529629071046353,持有人收入,DefiLlama protocols/fees/protocol revenue/holders revenue
Neverland,neverland,DUST,Lending,"Neverland is a next-generation, Monad-native lending protocol fusing the most secure, battle-tested lending technology with proprietary veTokenomics that allow users to direct 100% of protocol revenue. Featuring self-repaying loans, flexible and tradable governance locks, and automated yield strategies, each designed to maximize capital efficiency and long-term alignment",Neverland 是链上借贷协议，提供资产存入、借出、抵押和利率市场服务，主要覆盖 Monad。,Monad,8518670.233519698,71047.16054368028,0.008340170307816388,36157.0,36795.0,-0.01733931240657698,13390.0,14608.0,-0.0833789704271632,22550.05,30937.57,-0.27111114415256277,0.1637469013461669,0.4421655498113037,0.2625535957558124,0.2625535957558124,持有人收入,DefiLlama protocols/fees/protocol revenue/holders revenue
Jade,jade,JADE,Gamified Mining,"Jade is a Solana-native, fair-launch store-of-value protocol with on-chain mining, forked from ORE",Jade 是游戏化挖矿协议，通过链上竞赛或交互机制分配代币和收益。,,,10568.888254957577,,2777.0,5177.0,-0.4635889511299981,89.55,369.33,-0.7575339127609455,2690.0,4814.0,-0.44121312837557125,0.31715545117505634,9.835183561285668,0.3274128951349931,0.3274128951349931,持有人收入,DefiLlama protocols/fees/protocol revenue/holders revenue
DexLab,dexlab,XLAB,Launchpad,"Solana token creation and management. Mint SPL and Token-2022 tokens, manage authorities, snapshot holders, airdrop and open pools. Live since 2021.",DexLab 是链上发行平台，提供项目启动、代币发行和流动性初始化服务。,,,8199.303263436366,,1989.8800000000003,2773.5900000000006,-0.2825615898528622,1989.8800000000003,2773.590000000001,-0.28256158985286234,0.0,0.0,,0.34337511405362653,0.34337511405362653,,0.34337511405362653,协议收入,DefiLlama protocols/fees/protocol revenue/holders revenue
THORWallet,thorwallet,TITN,DEX Aggregator,"All-in-one mobile DeFi wallet app. Swap BTC, ETH, SOL & more easily. Secure multi-chain multisig & spend anywhere with your crypto card.",THORWallet 是 DEX 聚合器，聚合多源流动性以优化交易路径和成交价格。,,,330738.5831355101,,120908.0,17894.0,5.756901754778138,62932.0,15555.0,3.04577306332369,57976.0,2338.0,23.7972626176219,0.22795471428380124,0.437957614482709,0.47539582921598317,0.47539582921598317,持有人收入,DefiLlama protocols/fees/protocol revenue/holders revenue
Full Sail,full-sail,SAIL,Dexs,Full Sail is the most capital-efficient DEX ever by turning liquidity pools into prediction markets.,Full Sail 是去中心化交易协议，提供链上兑换、做市和流动性服务，主要覆盖 Sui。,Sui,84899.85757483427,8572.208443008001,0.10096846670740407,1071.12,18866.95,-0.9432277077111033,54.849999999999994,945.42,-0.9419834570878551,1015.4400000000002,17916.61,-0.9433240998157576,0.6669193961311526,13.023713830154971,0.7034888359568265,0.7034888359568265,持有人收入,DefiLlama protocols/fees/protocol revenue/holders revenue
Gamma,gamma,GAMMA,Liquidity Manager,"A protocol for active liquidity management and market-making strategies. Gamma offers non-custodial, automated, and active concentrated liquidity management services.",Gamma 是流动性管理协议，帮助 LP 和做市方自动管理集中流动性头寸，主要覆盖 Ethereum、Binance、Polygon 等网络。,Ethereum; Binance; Polygon; Arbitrum; xDai; Linea; Optimism; Base; Metis; Unichain; Zircuit; BOB; Sonic; Mantle; Scroll; Manta; Immutable zkEVM; Blast; Rollux; IOTA EVM; Avalanche; Celo; Berachain; World Chain; Taiko; Hemi; ApeChain; RSK; CORE; X Layer; Mode; Fantom; Polygon zkEVM; Moonbeam; Kava; Op_Bnb,3243285.26782349,40273.18196612283,0.012417403540068319,46784.0,44000.0,0.06327272727272727,3742.7500000000005,6452.030000000001,-0.4199112527375105,,,,0.07173603148890438,0.8966932061123243,,0.8966932061123243,协议收入,DefiLlama protocols/fees/protocol revenue/holders revenue
token.select,token.select,SELECT,Launchpad,"A custom launchpad on Robinhood Chain that aligns community and creator incentives. Contributors fund a launch at a fixed price, the launch migrates into Uniswap V3 pools with contributors earning a pro-rata share of the fees for life.",token.select 是链上发行平台，提供项目启动、代币发行和流动性初始化服务，主要覆盖 Robinhood Chain。,Robinhood Chain,218537.29780352273,125680.8946557697,0.5751004332851405,47931.0,108590.83,-0.5586091385432822,11009.0,27439.739999999998,-0.5987935745746862,0.0,0.0,,0.2185101059435607,0.9513496128604604,,0.9513496128604604,协议收入,DefiLlama protocols/fees/protocol revenue/holders revenue
StonkFun,stonkfun,STONK,Launchpad,A Solana launchpad to launch coins paired with anything.,StonkFun 是链上发行平台，提供项目启动、代币发行和流动性初始化服务。,,,178847051.1184889,,28938496.0,1407741.0,19.55669047076131,14370886.0,643061.0,21.347624875400623,14567610.0,764680.0,18.050596327875713,0.515020577660316,1.0370913057511375,1.023086211570789,1.023086211570789,持有人收入,DefiLlama protocols/fees/protocol revenue/holders revenue
Yala,yala,YALA,CDP,Bring Bitcoin's liquidity across blockchains,Yala 是抵押债仓协议，支持用户抵押资产并铸造或借出稳定资产，主要覆盖 Bitcoin、Ethereum。,Bitcoin; Ethereum,2504072.8756302474,3489.4037641655727,0.0013934912989652221,1265.49,2040.0,-0.37966176470588237,253.07,2040.0,-0.8759460784313726,0.0,0.0,,0.2297794901688656,1.149024566380044,,1.149024566380044,协议收入,DefiLlama protocols/fees/protocol revenue/holders revenue
mETH Protocol,meth-protocol,COOK,Liquid Staking,"A permissionless, non-custodial ETH liquid staking protocol deployed on Ethereum L1 and governed by Mantle.",mETH Protocol 是流动性质押协议，提供质押资产凭证和链上收益流动性，主要覆盖 Ethereum。,Ethereum,641190481.6003523,1961898.075882053,0.0030597741734801434,1284948.0,938551.0,0.3690763741128612,128483.0,93850.0,0.3690250399573788,0.0,0.0,,0.12723589306610417,1.2724757853062616,,1.2724757853062616,协议收入,DefiLlama protocols/fees/protocol revenue/holders revenue
Collector Crypt,collector-crypt,CARDS,Physical TCG,A protocol to sell RWA Pokemon cards on Solana,Collector Crypt 是实物卡牌资产协议，将收藏卡牌等实物资产映射到链上交易场景。,,,211045898.2604767,,13863505.0,9411963.0,0.4729663726897354,13772527.0,9411963.0,0.463300163844673,0.0,0.0,,1.2685939225594869,1.2769739488165868,,1.2769739488165868,协议收入,DefiLlama protocols/fees/protocol revenue/holders revenue
Turbos,turbos,TURBOS,Dexs,A hyper-efficient decentralized crypto marketplace built on Sui,Turbos 是去中心化交易协议，提供链上兑换、做市和流动性服务，主要覆盖 Sui。,Sui,4127362.940590589,981761.9963858054,0.23786665009046284,180971.0,87740.0,1.062582630499202,54282.0,26321.0,1.0623076630827095,,,,0.45208071845111714,1.5071939077192646,,1.5071939077192646,协议收入,DefiLlama protocols/fees/protocol revenue/holders revenue
Symbiosis,symbiosis,SIS,Cross Chain Bridge,"Symbiosis aggregates decentralized exchange liquidity across any EVM and non-EVM networks. Swap any token and transfer liquidity. Yes, any.",Symbiosis 是跨链桥协议，提供资产跨链转移和链间流动性服务，主要覆盖 Ethereum、Tron、Binance 等网络。,Ethereum; Tron; Binance; TON; Robinhood Chain; Arbitrum; Polygon; Base; Hyperliquid L1; Merlin; zkSync Era; Katana; BSquared; xDai; Boba; Mantle; RSK; Manta; Quai; Cronos; Linea; Scroll; Avalanche; Abstract; Metis; Arc; Optimism; Sei; Berachain; Sonic; Op_Bnb; Taiko; Tempo; Monad; Soneium; Stable; Mode; Plasma; Blast; Fraxtal; Arbitrum Nova; ApeChain; zkLink; Unichain; ZetaChain; Kava; Morph; CORE; Bitcoin; Polygon zkEVM; Bahamut; Aurora; Boba_Avax; Telos; Gravity; Goat; Cronos zkEVM,8148839.511889271,1615963.3548599982,0.1983059492707256,172407.0,131404.0,0.31203768530638337,88928.0,72534.0,0.22601814321559544,0.0,0.0,,0.7810797293903371,1.5142993534657234,,1.5142993534657234,协议收入,DefiLlama protocols/fees/protocol revenue/holders revenue
Kinetic,kinetic,JOULE,Lending,Kinetic is an ecosystem-tailored money market enhanced with an optional work-to-earn element.,Kinetic 是链上借贷协议，提供资产存入、借出、抵押和利率市场服务，主要覆盖 Flare。,Flare,39435944.157054745,335651.47129321063,0.00851130810908113,104061.0,82780.0,0.2570790045904808,16804.0,13419.0,0.2522542663387734,0.0,0.0,,0.2687938415073936,1.664541534224047,,1.664541534224047,协议收入,DefiLlama protocols/fees/protocol revenue/holders revenue
PAIR,pair,PAIR,Launchpad,"PAIR, a permissionless tokenized-equity launchpad on Robinhood Chain.",PAIR 是链上发行平台，提供项目启动、代币发行和流动性初始化服务。,,,1484193.5141371186,,220156.71,381163.0,-0.42240797244223605,66704.35,115963.0,-0.42477902434397175,0.0,0.0,,0.5617943366103167,1.8541938096205102,,1.8541938096205102,协议收入,DefiLlama protocols/fees/protocol revenue/holders revenue
World is Flat,world-is-flat,WIF,Onchain Voting,"World Is Flat. A meme, a thesis, and a movement toward equal ground, broader ownership and open participation. A Decentralized Voting Layer on Robinhood Chain. Powered by PONS v2.",World is Flat 是链上投票协议，提供治理、投票、分配或社区决策基础设施。,,,597141.0538203092,,25384.0,8976.0,1.8279857397504455,25384.0,8976.0,1.8279857397504455,0.0,0.0,,1.9603590641752981,1.9603590641752981,,1.9603590641752981,协议收入,DefiLlama protocols/fees/protocol revenue/holders revenue
BaseStonk,basestonk,BSTONK,Launchpad,"BaseStonk is a launchpad where every token opens in a Uniswap v4 pool priced in a tokenized stock, ETF, major or stablecoin, with a BaseStonk hook on the pool",BaseStonk 是链上发行平台，提供项目启动、代币发行和流动性初始化服务。,,,1542246.1106258864,,238907.0,349194.0,-0.3158330326408816,101979.0,119927.0,-0.14965770843930057,60610.0,128435.0,-0.5280881379686223,0.5379520450167801,1.2602644585534655,2.1204505728233602,2.1204505728233602,持有人收入,DefiLlama protocols/fees/protocol revenue/holders revenue
PrimeFi,primefi,PRFI,Lending,"PrimeFi Protocol is an omnichain lending and borrowing platform developed by Prime Numbers Labs, designed to unify liquidity across multiple blockchains and solve the problem of fragmented DeFi capital. It launched on mainnet in September 2025, initially on Hyperliquid EVM, Base and XDC, with planned expansion to more chains in near future",PrimeFi 是链上借贷协议，提供资产存入、借出、抵押和利率市场服务，主要覆盖 Hyperliquid L1、Base、XDC。,Hyperliquid L1; Base; XDC,1037.5390824833944,56350.4303680101,54.311621913203425,7816.67,26154.329999999998,-0.701132852571639,2085.1800000000003,6974.31,-0.7010198858381689,0.0,0.0,,0.6007506006181884,2.2520210232853635,,2.2520210232853635,协议收入,DefiLlama protocols/fees/protocol revenue/holders revenue
Sport.fun,sport.fun,FUN,Prediction Market,"Sport.fun is a Base chain fantasy soccer protocol where users trade fractional player shares backed by actual football performance, using Gold pegged to USDC, with limited-use contracts and active market-driven gameplay",Sport.fun 是预测市场协议，支持围绕事件、体育或数据结果进行链上交易，主要覆盖 Base。,Base,2388494.090367512,3466531.7219792176,1.4513461582171345,127675.0,82805.0,0.5418754906104704,127742.0,82805.0,0.5426846204939315,,,,2.2626014763913695,2.2614147539436376,,2.2614147539436376,协议收入,DefiLlama protocols/fees/protocol revenue/holders revenue
ORE Protocol,ore-protocol,ORE,Gamified Mining,"ORE is a fair-launch, Solana-native store of value",ORE Protocol 是游戏化挖矿协议，通过链上竞赛或交互机制分配代币和收益。,,,67277142.88092692,,2461933.0,2783736.0,-0.1156011202211704,24618.0,27838.0,-0.11566922911128673,2437310.0,2755896.0,-0.1156016047049671,2.277246608015156,227.73696374240706,2.3002525626246055,2.3002525626246055,持有人收入,DefiLlama protocols/fees/protocol revenue/holders revenue
Immunefi,immunefi,IMU,Services,Immunefi is the leading security platform for blockchains. Over $180B of user funds protected across 650+ protocols.,Immunefi 是链上服务协议，面向项目方或用户提供安全、运营、数据等服务。,,,2057121.3855522624,,73615.0,97914.0,-0.24816675858406356,73615.0,97914.0,-0.24816675858406356,0.0,0.0,,2.328693637565105,2.328693637565105,,2.328693637565105,协议收入,DefiLlama protocols/fees/protocol revenue/holders revenue
Cellana Finance,cellana-finance,CELL,Dexs,"Cellana is a community-owned decentralized exchange on the Aptos network that fosters DeFi growth through a sustainable liquidity incentives model. This innovative DEX is the first ever which use the Ve(3,3) Model in Move Language.",Cellana Finance 是去中心化交易协议，提供链上兑换、做市和流动性服务，主要覆盖 Aptos。,Aptos,428914.7108531558,19769.31682183075,0.04609148700567423,627.19,30.0,19.906333333333336,0.0,0.0,,627.19,30.0,19.906333333333336,2.6267049354834993,,2.6267049354834993,2.6267049354834993,持有人收入,DefiLlama protocols/fees/protocol revenue/holders revenue
sTONks,stonks,sTONks,Launchpad,"The complete on-chain ecosystem to build, deploy, tokenize and trade — all from one place",sTONks 是链上发行平台，提供项目启动、代币发行和流动性初始化服务。,,,182206.65783021098,,5544.27,5723.21,-0.031265670838567794,5179.0599999999995,5029.9800000000005,0.02963828882023368,0.0,0.0,,2.738663187852969,2.931784561777153,,2.931784561777153,协议收入,DefiLlama protocols/fees/protocol revenue/holders revenue
Echelon Market,echelon-market,ELON,Lending,Move Money Market,Echelon Market 是链上借贷协议，提供资产存入、借出、抵押和利率市场服务，主要覆盖 Aptos、Echelon Chain。,Aptos; Echelon Chain,8113121.327520079,742750.5816191459,0.09154930040300296,55376.0,63144.0,-0.12302039782085392,20566.0,23322.0,-0.11817168338907469,0.0,0.0,,1.1177384029470439,3.009621793328576,,3.009621793328576,协议收入,DefiLlama protocols/fees/protocol revenue/holders revenue
Concentrator,concentrator,CTR,Yield,"Aladdin concentrator is a platform that boosts rewards for Curve & Convex stakers and liquidity providers alike, all in a simple and easy to use interface.",Concentrator 是收益协议，围绕质押、流动性或策略仓位提升资产收益，主要覆盖 Ethereum。,Ethereum,92779337.70695885,138290.31008333396,0.001490529179245926,7300.0,4493.0,0.6247496105052304,3650.0,2247.0,0.6243880729862038,3650.0,2247.0,0.6243880729862038,1.5786565078006158,3.1573130156012317,3.1573130156012317,3.1573130156012317,持有人收入,DefiLlama protocols/fees/protocol revenue/holders revenue
ZINC,zinc,ZINC,Gamified Mining,"Private proof of work mining protocol on Solana where your strategy stays unexposed. Enter 30-seconds rounds, pick 1 to 30 tiles on a circular board, deploy SOL, mint new ZINC.",ZINC 是游戏化挖矿协议，通过链上竞赛或交互机制分配代币和收益，主要覆盖 Solana。,Solana,1707.580448466585,65076.53287938182,38.11037596373327,1811.6700000000005,21671.53,-0.916403225799009,182.74,8271.140000000001,-0.9779063103755952,1629.4799999999998,13410.210000000001,-0.87848959859689,2.9933952687935164,29.676285469055223,3.328082828028053,3.328082828028053,持有人收入,DefiLlama protocols/fees/protocol revenue/holders revenue
StockRip,stockrip,RIP,Gamified Mining,"Draw a random tokenized stock position from an onchain pool. Every listing carries the ETH backing its depositor committed, and that backing is the standing bid a winner can take instead of the shares.",StockRip 是游戏化挖矿协议，通过链上竞赛或交互机制分配代币和收益，主要覆盖 Robinhood Chain。,Robinhood Chain,189597.13942929273,446893.85870396084,2.357070681810697,33969.87000000001,212212.52000000002,-0.8399252315556123,11092.050000000001,34224.3,-0.6759013332632077,0.0,0.0,,1.096299599968935,3.357463669204226,,3.357463669204226,协议收入,DefiLlama protocols/fees/protocol revenue/holders revenue
HumidiFi,humidifi,WET,Dexs,Prop AMM on Solana,HumidiFi 是去中心化交易协议，提供链上兑换、做市和流动性服务。,,,15374855.282601137,,371702.0,49177.25,6.558413697390562,371702.0,49177.25,6.558413697390562,0.0,0.0,,3.4469492771541757,3.4469492771541757,,3.4469492771541757,协议收入,DefiLlama protocols/fees/protocol revenue/holders revenue
Resupply,resupply,RSUP,Lending,"A decentralized stablecoin protocol, leveraging the liquidity and stability of lending markets",Resupply 是链上借贷协议，提供资产存入、借出、抵押和利率市场服务，主要覆盖 Ethereum。,Ethereum,54231679.97792914,3600347.202439583,0.06638826611871196,108336.0,96466.0,0.1230485352352124,5416.34,4825.9,0.1223481630369466,75839.0,67525.0,0.12312476860422066,2.7694296774537728,55.39329760255669,3.9561298742946494,3.9561298742946494,持有人收入,DefiLlama protocols/fees/protocol revenue/holders revenue
Sat Rush,sat-rush,RUSH,Gamified Mining,Gamified Bitcoin Mining on Solana,Sat Rush 是游戏化挖矿协议，通过链上竞赛或交互机制分配代币和收益，主要覆盖 Solana。,Solana,754189.1475389574,1985899.3031255621,2.63315815350284,602737.0,659784.0,-0.08646314551428952,136559.0,118587.0,0.15155118183274727,39394.0,0.0,,0.27456686513984846,1.2118689254739479,4.200934370558889,4.200934370558889,持有人收入,DefiLlama protocols/fees/protocol revenue/holders revenue
Stabull Finance,stabull-finance,STABUL,Dexs,"Stabull Finance is an AMM optimized for stablecoins and RWAs. Live on Polygon, Base, and Ethereum, and supporting over 17 local stablecoins (e.g. BRZ, EURC, ZARP, NZDS etc) and commodity-backed RWA's (e.g. GOLD). Liquidity is dynamically distributed around an offchain oracle (e.g. BRL/USD), providing lower slippage for traders and higher capital efficiency for LPs.",Stabull Finance 是去中心化交易协议，提供链上兑换、做市和流动性服务，主要覆盖 Polygon、Base、Ethereum。,Polygon; Base; Ethereum,17880.25390517663,6361.94636423399,0.35580850238329675,352.3,416.9,-0.15495322619333166,105.66000000000001,124.96000000000002,-0.15444942381562107,0.0,0.0,,1.5048600539866566,5.017624427593215,,5.017624427593215,协议收入,DefiLlama protocols/fees/protocol revenue/holders revenue
Mendi Finance,mendi-finance,MENDI,Lending,"Mendi Finance is a decentralized lending protocol for individuals, institutions and protocols to access financial services. It is a permissionless, open source protocol serving users on Linea. Users can deposit their assets, use them as collateral and borrow against them.",Mendi Finance 是链上借贷协议，提供资产存入、借出、抵押和利率市场服务，主要覆盖 Linea。,Linea,1237385.7826399151,18089.865877757096,0.014619422763338254,1651.0,1368.0,0.20687134502923976,0.0,0.0,,299.11,245.47,0.2185195746934453,0.9130762102643396,,5.039914490142171,5.039914490142171,持有人收入,DefiLlama protocols/fees/protocol revenue/holders revenue
THORSwap,thorswap,THOR,DEX Aggregator,"Established in 2021, THORSwap is the leading multi-chain Bitcoin decentralized exchange (DEX) aggregator. Swap cross-chain to and from Native Bitcoin in a non-KYC and non-custodial manner.",THORSwap 是 DEX 聚合器，聚合多源流动性以优化交易路径和成交价格，主要覆盖 Ethereum。,Ethereum,0.0,9697719.073877981,,198545.0,253453.0,-0.2166397714763684,49638.0,63363.0,-0.21660906207092467,148910.0,190089.0,-0.21663010484562495,4.070327916374114,16.280737663815994,5.427058331586182,5.427058331586182,持有人收入,DefiLlama protocols/fees/protocol revenue/holders revenue
Ooga Booga,ooga-booga,OOGA,DEX Aggregator,Berachain's native liquidity aggregator.,Ooga Booga 是 DEX 聚合器，聚合多源流动性以优化交易路径和成交价格。,,,24380.886126091915,,361.5200000000001,1005.7400000000001,-0.6405432815638236,361.5200000000001,1005.7400000000001,-0.6405432815638236,0.0,0.0,,5.619994773477702,5.619994773477702,,5.619994773477702,协议收入,DefiLlama protocols/fees/protocol revenue/holders revenue
Streamflow,streamflow,STREAM,Payments,"Streamflow exponentially grows on-chain economies by providing infrastructure for creation, distribution, and incentive alignment of tokens.",Streamflow 是支付协议，提供链上支付、订阅、结算或资金分发基础设施，主要覆盖 Solana、Aptos、Sui 等网络。,Solana; Aptos; Sui; Ethereum; Binance; Polygon,17397192.437879883,1414512.323852479,0.08130693092596837,184682.0,127520.0,0.4482590966122961,164019.0,118511.0,0.38399810988009553,20664.0,9007.0,1.294215610081048,0.6382648389540214,0.7186730012236788,5.704414778731445,5.704414778731445,持有人收入,DefiLlama protocols/fees/protocol revenue/holders revenue
Quickswap Dex,quickswap-dex,QUICK,Dexs,AMM,Quickswap Dex 是去中心化交易协议，提供链上兑换、做市和流动性服务，主要覆盖 Polygon、Base。,Polygon; Base,106564515.71533026,7145134.101345355,0.06704984349980453,852435.0,1058310.0,-0.19453184794625394,42620.0,52915.0,-0.19455730889161862,99446.0,123474.0,-0.19459967280561088,0.6985023395083256,13.970620407761135,5.9874488846085265,5.9874488846085265,持有人收入,DefiLlama protocols/fees/protocol revenue/holders revenue
Index Coop,index-coop,INDEX,Indexes,Index Coop creates and maintains the world's best crypto index products.All index products are always fully collateralized.,Index Coop 是指数协议，提供篮子资产、指数化投资或策略型代币产品，主要覆盖 Ethereum、Arbitrum、Base。,Ethereum; Arbitrum; Base,17280293.497438934,1998669.165385671,0.11566176035620508,25840.0,19580.620000000003,0.3196722064980576,25840.0,19580.620000000003,0.3196722064980576,0.0,0.0,,6.445656493116844,6.445656493116844,,6.445656493116844,协议收入,DefiLlama protocols/fees/protocol revenue/holders revenue
CoWSwap,cowswap,COW,DEX Aggregator,CoW Swap finds the lowest prices across all exchanges and aggregators & saves you more by matching Coincidences of Wants (CoWs) and protecting from MEV,CoWSwap 是 DEX 聚合器，聚合多源流动性以优化交易路径和成交价格。,,,91174724.76767173,,1935544.0,1572414.0,0.23093790820992435,1164071.0,1056798.0,0.1015075728758003,0.0,0.0,,3.925456476649103,6.527001987541405,,6.527001987541405,协议收入,DefiLlama protocols/fees/protocol revenue/holders revenue
Alt Fun,alt-fun,ALT,Launchpad,Launch coins backed by Hyperliquid perps,Alt Fun 是链上发行平台，提供项目启动、代币发行和流动性初始化服务，主要覆盖 Hyperliquid L1。,Hyperliquid L1,46652.981710377375,386603.72430454293,8.286795615864094,7183.109999999999,58293.11,-0.8767760032017506,4789.01,38850.79,-0.8767332659129968,0.0,0.0,,4.485101442881786,6.727272865452061,,6.727272865452061,协议收入,DefiLlama protocols/fees/protocol revenue/holders revenue
Exactly,exactly,EXA,Lending,"Exactly is a decentralized, non-custodial, open-source protocol that provides an autonomous fixed and variable interest rate market, enabling users to frictionlessly exchange their assets' time value and complete the DeFi credit market.",Exactly 是链上借贷协议，提供资产存入、借出、抵押和利率市场服务，主要覆盖 Base、Optimism、Ethereum。,Base; Optimism; Ethereum,12488064.122428192,760317.5764779261,0.06088354199850867,77918.0,59303.0,0.3138964301974605,9163.58,7149.420000000001,0.28172355240005464,0.0,0.0,,0.8131599635492078,6.9143062034518366,,6.9143062034518366,协议收入,DefiLlama protocols/fees/protocol revenue/holders revenue
Stargaze,stargaze,STARS,NFT Marketplace,"A decentralized, community-owned app chain for NFTs. 100% carbon neutral. ZERO gas. Powered by CosmWasm and $STARS.",Stargaze 是 NFT 市场协议，提供 NFT 发行、交易和市场流动性服务，主要覆盖 Stargaze。,Stargaze,0.0,175068.82735053267,,2977.8,4536.0,-0.3435185185185185,2030.77,2770.38,-0.26697059609151097,0.0,0.0,,4.899277636469112,7.184008502133537,,7.184008502133537,协议收入,DefiLlama protocols/fees/protocol revenue/holders revenue
Snake Finance,snake-finance,SNAKE,Algo-Stables,"Snake Finance, an Algorithmic Stablecoin where 1 $SNAKE is equivalent to 1 $S. Algorithmic stablecoins are non-collateralized tokens designed to follow the price of their pegged asset, offering greater capital efficiency than traditional collateralized stablecoins",Snake Finance 是算法稳定币协议，围绕目标锚定资产设计供给和价格调节机制，主要覆盖 Sonic。,Sonic,16.39498335463062,95010.9969398514,5795.126160528633,1040.68,790.42,0.31661648237645823,1040.68,790.42,0.31661648237645823,0.0,0.0,,7.608086134374592,7.608086134374592,,7.608086134374592,协议收入,DefiLlama protocols/fees/protocol revenue/holders revenue
Piteas,piteas,PTS,DEX Aggregator,Piteas is the first DEX aggregator on PulseChain.,Piteas 是 DEX 聚合器，聚合多源流动性以优化交易路径和成交价格。,,,2693127.4093888574,,27552.23,83389.0,-0.6695939512405713,27552.23,83389.0,-0.6695939512405713,0.0,0.0,,8.145521582671824,8.145521582671824,,8.145521582671824,协议收入,DefiLlama protocols/fees/protocol revenue/holders revenue
DefiPlaza,defiplaza,DFP2,Dexs,DefiPlaza creates DEXes optimized for high capital efficiency and reduced Impermanent Loss risk on Ethereum and Radix.,DefiPlaza 是去中心化交易协议，提供链上兑换、做市和流动性服务，主要覆盖 Radix、Ethereum。,Radix; Ethereum,24508.569202624774,36924.10407794934,1.5065793426241672,1245.4900000000005,1892.01,-0.3417106674911864,358.00000000000006,464.50000000000006,-0.2292787944025834,0.0,0.0,,2.470520576770945,8.594996293749844,,8.594996293749844,协议收入,DefiLlama protocols/fees/protocol revenue/holders revenue
aeon,aeon,AEON,AI Agents,"AEON is an open-source autonomous AI agent framework that runs configurable skills for research, coding, crypto monitoring, workflows, and other tasks with persistent memory and self-healing automation",aeon 是 AI Agent 协议，围绕链上智能代理、自动化执行或 AI 应用提供服务。,,,2411988.0404454772,,39563.0,62919.0,-0.3712074254199844,22554.0,35864.78,-0.3711379241696171,0.0,0.0,,5.080479320841605,8.911900477540854,,8.911900477540854,协议收入,DefiLlama protocols/fees/protocol revenue/holders revenue
Ready Cards,ready-cards,READY,Physical TCG,"A proprietary card pack-opening platform, built on real-time VRFs where every pull, every card, and every unit of company inventory is verifiable on-chain, by anyone",Ready Cards 是实物卡牌资产协议，将收藏卡牌等实物资产映射到链上交易场景。,,,4831013.705487919,,43478.0,86326.0,-0.4963510414012001,43478.0,86326.0,-0.4963510414012001,0.0,0.0,,9.259498492509467,9.259498492509467,,9.259498492509467,协议收入,DefiLlama protocols/fees/protocol revenue/holders revenue
Polycule,polycule,PCULE,Interface,Tg bot for polymarket.,Polycule 是链上交互入口，提供交易、聚合、工具或协议操作界面。,,,292693.16609715985,,0.0,44.37,-1.0,0.0,44.37,-1.0,2618.38,248.14,9.552027081486258,,,9.31533894039953,9.31533894039953,持有人收入,DefiLlama protocols/fees/protocol revenue/holders revenue
The Index,the-index,INDEX,Indexes,The Index is a Robinhood Chain protocol suite that converts trading fees into tokenized stock distributions,The Index 是指数协议，提供篮子资产、指数化投资或策略型代币产品。,,,16054548.00996961,,141660.0,521990.0,-0.728615490718213,18.0,17781.0,-0.9989876834823688,141479.0,344236.0,-0.5890057983476452,9.444296208038972,74326.61115726671,9.456378691048148,9.456378691048148,持有人收入,DefiLlama protocols/fees/protocol revenue/holders revenue
NodeOps,nodeops,NODE,DePIN,"NodeOps Network is a decentralized infrastructure stack powering compute and AI workloads. It enables developers and enterprises to deploy, manage, and monetize compute services seamlessly. The protocol generates on-chain revenue from product subscriptions, deployment fees, and automated $NODE-to-credits conversions for workloads",NodeOps 是 DePIN 协议，通过代币激励协调现实世界或计算基础设施网络。,,,780094.7568804476,,6505.0,5470.0,0.18921389396709323,6505.0,5470.0,0.18921389396709323,0.0,0.0,,9.993527502952185,9.993527502952185,,9.993527502952185,协议收入,DefiLlama protocols/fees/protocol revenue/holders revenue
Strike Finance Perpetuals,strike-finance-perpetuals,STRIKE,Derivatives,"Strike Finance is an open-source derivatives protocol built on top of Cardano offering options, forwards, and perpetual contract trading",Strike Finance Perpetuals 是链上衍生品协议，提供永续、期权或杠杆交易服务，主要覆盖 Cardano、Ethereum。,Cardano; Ethereum,2415240.308515663,9539218.569749722,3.94959397461044,74785.0,56229.0,0.3300076472994362,0.0,0.0,,74785.0,56229.0,0.3300076472994362,10.629603273550536,,10.629603273550536,10.629603273550536,持有人收入,DefiLlama protocols/fees/protocol revenue/holders revenue
Lithos,lithos,LITH,Dexs,"Plasma's native onchain liquidity marketplace. Powered by the ve3,3 flywheel. Optimized for stable and volatile pairs",Lithos 是去中心化交易协议，提供链上兑换、做市和流动性服务，主要覆盖 Plasma。,Plasma,76264.25368853193,17509.33090437509,0.22958765158686678,1095.41,1091.5700000000002,0.0035178687578441307,131.52,131.07000000000002,0.0034332799267566077,0.0,0.0,,1.3320226296071096,11.094213113579105,,11.094213113579105,协议收入,DefiLlama protocols/fees/protocol revenue/holders revenue
P2P.me,p2p.me,P2P,Payments,"P2P.me is a decentralized, non-custodial platform that enables users to swap fiat and USDC using QR codes",P2P.me 是支付协议，提供链上支付、订阅、结算或资金分发基础设施。,,,4883748.108059021,,36157.0,37312.0,-0.030955188679245283,36157.0,37312.0,-0.030955188679245283,0.0,0.0,,11.255884310228128,11.255884310228128,,11.255884310228128,协议收入,DefiLlama protocols/fees/protocol revenue/holders revenue
Colend Protocol,colend-protocol,CLND,Lending,Colend is a decentralized protocol that enables individuals to lend and borrow directly on the Core blockchain. It aims to advance the concept of Bitcoin-Fi.,Colend Protocol 是链上借贷协议，提供资产存入、借出、抵押和利率市场服务，主要覆盖 CORE。,CORE,218913.29685877077,157676.62949208252,0.7202697677784536,3887.25,484.83,7.0177588020543284,1129.74,433.45,1.6063905871496136,0.0,0.0,,3.380209434520602,11.630746122417731,,11.630746122417731,协议收入,DefiLlama protocols/fees/protocol revenue/holders revenue
Haystack,haystack,HAY,Trading App,"Powered by Deflex's universal order router, Haystack aggregates liquidity across the Algorand ecosystem to provide best-execution trades, real-time portfolio analytics, and yield opportunities. The $HAY utility token aligns platform success with token holders by funding an automated buy-and-burn, unlocking fee discounts, and granting access to enhanced yield opportunities.",Haystack 是链上交易应用，提供投资组合管理、订单执行或多市场交易入口，主要覆盖 Algorand。,Algorand,0.0,203611.6023166872,,1956.48,575.91,2.3971974787727253,474.37000000000006,141.6,2.3500706214689275,1458.6100000000001,434.73999999999995,2.3551318029166866,8.67253103859513,35.7687744300664,11.632741806507978,11.632741806507978,持有人收入,DefiLlama protocols/fees/protocol revenue/holders revenue
Mamo,mamo,MAMO,Yield Aggregator,Mamo automatically allocates USDC and cbBTC to lending markets and distributes Aerodrome trading fees to MAMO depositors.,Mamo 是收益聚合器，自动聚合和优化多类 DeFi 收益策略。,,,4792323.824237507,,34238.0,,,0.0,,,34238.0,,,11.664242031849374,,11.664242031849374,11.664242031849374,持有人收入,DefiLlama protocols/fees/protocol revenue/holders revenue
Orynth,orynth,ORY,Launchpad,Where products find their market.,Orynth 是链上发行平台，提供项目启动、代币发行和流动性初始化服务。,,,441515.9241907648,,3062.05,3605.0,-0.15061026352288484,3062.05,3605.0,-0.15061026352288484,0.0,0.0,,12.015804341066843,12.015804341066843,,12.015804341066843,协议收入,DefiLlama protocols/fees/protocol revenue/holders revenue
GroypFi,groypfi,GROYP,DEX Aggregator,GroypFi is an all-in-one DeFi Protocol powered by the TON Blockchain.,GroypFi 是 DEX 聚合器，聚合多源流动性以优化交易路径和成交价格，主要覆盖 TON。,TON,83613.99528343744,2084592.113018217,24.931138692174663,14397.85,61527.0,-0.7659913533895688,14397.85,61527.0,-0.7659913533895688,0.0,0.0,,12.065413198372308,12.065413198372308,,12.065413198372308,协议收入,DefiLlama protocols/fees/protocol revenue/holders revenue
Beefy,beefy,BIFI,Yield Aggregator,"Beefy automates yield farming to make DeFi easy, safe and efficient for all. By autocompounding your tokens, Beefy unlocks higher returns so you earn more of what you love.",Beefy 是收益聚合器，自动聚合和优化多类 DeFi 收益策略，主要覆盖 Ethereum、Base、Arbitrum 等网络。,Ethereum; Base; Arbitrum; Binance; Monad; Fraxtal; Optimism; Robinhood Chain; Polygon; Fantom; Avalanche; Cronos; Plasma; Hyperliquid L1; Sonic; Metis; Linea; MegaETH; zkSync Era; Kava; Sei; Aurora; xDai; Berachain; Fuse; Celo; Mantle; RSK; Lisk; Mode; Oasis; Scroll; Manta; Heco; Polygon zkEVM; Moonbeam; Moonriver; Saga; Canto; re.al; Harmony,122500297.4475033,5799873.791161402,0.047345793536925085,115024.0,75335.0,0.5268334771354616,69673.0,45611.0,0.5275481791673061,39181.0,25663.0,0.5267505747574329,4.201930170487175,6.937017437603044,12.33564268217036,12.33564268217036,持有人收入,DefiLlama protocols/fees/protocol revenue/holders revenue
SSV Network,ssv-network,SSV,Staking Pool,"SSV Network enables decentralized Ethereum validation by distributing validator operations across multiple nodes, providing infrastructure for secure and decentralized staking.",SSV Network 是质押池协议，为用户提供质押聚合、验证节点或收益分配服务，主要覆盖 Ethereum。,Ethereum,14276016849.900745,46149201.893337265,0.0032326385138483583,314758.0,253443.0,0.24192816530738667,0.0,0.0,,309744.0,249598.0,0.2409714821432864,12.218170227427967,,12.415952607458973,12.415952607458973,持有人收入,DefiLlama protocols/fees/protocol revenue/holders revenue
World Liberty Financial,world-liberty-financial,WLFI,Lending,"Earn through supply, borrow with your collateral, and grow by using borrowed liquidity to expand your strategy",World Liberty Financial 是链上借贷协议，提供资产存入、借出、抵押和利率市场服务。,,,1751116995.317474,,11565510.0,10528385.0,0.09850751088604758,11565510.0,10528385.0,0.09850751088604758,0.0,0.0,,12.617378418803508,12.617378418803508,,12.617378418803508,协议收入,DefiLlama protocols/fees/protocol revenue/holders revenue
Overtime,overtime,OVER,Prediction Market,"Overtime is a decentralized onchain sportsbook ecosystem enabling sports betting and digital options trading. Built on smart contracts with Chainlink data feeds, it operates without centralized control. Features pioneering AMM architecture and trustless liquidity pools for seamless, transparent betting experiences across popular sporting events.",Overtime 是预测市场协议，支持围绕事件、体育或数据结果进行链上交易，主要覆盖 Arbitrum、Base、Optimism 等网络。,Arbitrum; Base; Optimism; Polygon; Ethereum; Binance,1285398.7583626185,11545999.37384649,8.982426113865356,286254.0,223107.0,0.2830345977490621,215409.0,151931.0,0.4178080839328379,69932.0,68600.0,0.019416909620991255,3.3612337800946275,4.466696444843101,13.758602849728415,13.758602849728415,持有人收入,DefiLlama protocols/fees/protocol revenue/holders revenue
Aquarius Stellar,aquarius-stellar,AQUA,Dexs,"Aquarius is a novel AMM protocol and a liquidity management layer to Stellar. It offers stable and volatile pools with multihop swaps on top, and a community governance tool to distribute rewards between pool liquidity providers based on voting and bribing.",Aquarius Stellar 是去中心化交易协议，提供链上兑换、做市和流动性服务，主要覆盖 Stellar。,Stellar,39024460.67710358,16550032.439600594,0.42409381583871125,156171.0,81557.0,0.9148693551749083,0.0,0.0,,98487.0,58031.0,0.697144629594527,8.831148996719724,,14.003567678645062,14.003567678645062,持有人收入,DefiLlama protocols/fees/protocol revenue/holders revenue
Lido,lido,LDO,Liquid Staking,"Liquid staking for Ethereum and Polygon. Daily staking rewards, no lock ups.",Lido 是流动性质押协议，提供质押资产凭证和链上收益流动性，主要覆盖 Ethereum、Solana、Terra 等网络。,Ethereum; Solana; Terra; Moonriver; Moonbeam,26885001844.82635,382303246.4539246,0.014219944958921161,49956311.0,42304415.0,0.18087700775439158,3096888.0,2626553.0,0.17906929728811868,2247173.0,775187.0,1.898878593165262,0.6377293125419206,10.287296108596882,14.177192352863079,14.177192352863079,持有人收入,DefiLlama protocols/fees/protocol revenue/holders revenue
Aethir,aethir,ATH,Developer Tools,Powerful GPU compute solutions on-demand.,Aethir 是开发者工具协议，为链上应用提供计算、部署、监控或开发基础设施，主要覆盖 Ethereum。,Ethereum,0.0,154570584.29275063,,4374095.0,5035528.32,-0.13135331150317117,874819.0,1007105.26,-0.13135296304578928,0.0,0.0,,2.944810760716419,14.724053803582096,,14.724053803582096,协议收入,DefiLlama protocols/fees/protocol revenue/holders revenue
Umia,umia,UMIA,Launchpad,"Umia is the onchain venture protocol: a full-stack platform for launching, funding, and governing token-based projects onchain.",Umia 是链上发行平台，提供项目启动、代币发行和流动性初始化服务，主要覆盖 Base。,Base,3388864.630638829,16281392.518780878,4.804379723987884,88360.0,91965.21,-0.039201889497126205,88357.0,91965.11,-0.03923346582198402,0.0,0.0,,15.355168740362227,15.355690096974847,,15.355690096974847,协议收入,DefiLlama protocols/fees/protocol revenue/holders revenue
Usual USD0,usual-usd0,USUAL,RWA,"The Usual protocol is a decentralized finance framework centered around USD0, a stablecoin designed as a liquid deposit token. It embodies the principle of redistributing value generated by users through a revenue-based token, USUAL. This approach enables users to access yields while simultaneously gaining exposure to the protocol’s growth and long-term success.",Usual USD0 是真实世界资产协议，将链下资产、收益或信用产品引入链上市场，主要覆盖 Ethereum。,Ethereum,87800503.5516652,26139195.459684145,0.2977112249054794,327463.0,400029.0,-0.18140184836599346,188081.0,246063.0,-0.2356388404595571,131619.0,144457.59,-0.08887445789452805,6.6519462910527665,11.58153289437536,16.549786036263853,16.549786036263853,持有人收入,DefiLlama protocols/fees/protocol revenue/holders revenue
Enzyme Finance,enzyme-finance,MLN,Indexes,"Fast & cost-effective way to build, scale and monetize investment strategies.",Enzyme Finance 是指数协议，提供篮子资产、指数化投资或策略型代币产品，主要覆盖 Ethereum、Polygon、Arbitrum。,Ethereum; Polygon; Arbitrum,100770076.2770869,5030896.78470878,0.04992451103118502,24867.31,11076.03,1.245146501047758,24867.31,11076.03,1.245146501047758,0.0,0.0,,16.859137507262815,16.859137507262815,,16.859137507262815,协议收入,DefiLlama protocols/fees/protocol revenue/holders revenue
Geodnet,geodnet,GEOD,Oracle,"RTK (Real-Time Kinematics) enables a 100x improvement in position accuracy as compared to standalone GPS. GEODNET's global RTK Network naturally complements on-device sensors such as Cameras, LiDAR, and IMU's to power AI-based Autonomous Systems.",Geodnet 是预言机协议，向链上应用提供价格、位置或其他外部数据服务。,,,147778461.48161897,,912603.0,898818.0,0.01533680900916537,182516.0,179761.0,0.015325904951574591,730087.0,719057.0,0.015339534974278812,13.49422672304925,67.47283410843386,16.86767712633551,16.86767712633551,持有人收入,DefiLlama protocols/fees/protocol revenue/holders revenue
Tree News,tree-news,TREE,SoFi,Decentralized Community-Run News Aggregator.,Tree News 是社交金融协议，围绕内容、社区或社交关系构建链上金融场景。,,,15559697.21538223,,74092.0,60641.0,0.22181362444550717,0.0,0.0,,74092.0,60641.0,0.22181362444550717,17.50042426463297,,17.50042426463297,17.50042426463297,持有人收入,DefiLlama protocols/fees/protocol revenue/holders revenue
Xeleb Protocol,xeleb-protocol,XCX,AI Agents,The AI Agent Influencer Hub where AI delivers real utility,Xeleb Protocol 是 AI Agent 协议，围绕链上智能代理、自动化执行或 AI 应用提供服务。,,,314948.42360207514,,1470.04,0.0,,0.0,0.0,,1470.04,0.0,,17.85373320919131,,17.85373320919131,17.85373320919131,持有人收入,DefiLlama protocols/fees/protocol revenue/holders revenue
What The Hook,what-the-hook,WTH,Liquidity Automation,A Uniswap v4 hook that captures the price gap a swap opens between connected pools and returns the realised arbitrage to the trader and the pool's LPs instead of an outside searcher,What The Hook 是流动性自动化协议，围绕 AMM 头寸执行自动化调仓和费用优化，主要覆盖 Robinhood Chain。,Robinhood Chain,378253.0237897178,6153548.007407221,16.268337912423835,63400.0,62689.0,0.011341702691062229,28678.0,41248.7,-0.30475384678789874,0.0,0.0,,8.08825973633967,17.88115165924873,,17.88115165924873,协议收入,DefiLlama protocols/fees/protocol revenue/holders revenue
USD AI,usd-ai,CHIP,RWA,USD.AI is a yield-bearing synthetic dollar protocol backed by real-world infrastructure assets,USD AI 是真实世界资产协议，将链下资产、收益或信用产品引入链上市场，主要覆盖 Arbitrum。,Arbitrum,334731215.4427112,98021874.72404763,0.29283756698461827,4276861.0,1719569.0,1.4871703316354272,427686.0,171957.09,1.4871670019538015,0.0,0.0,,1.9099263596215315,19.099268061936332,,19.099268061936332,协议收入,DefiLlama protocols/fees/protocol revenue/holders revenue
Convex Finance,convex-finance,CVX,Yield,Convex simplifies your Curve-boosting experience to maximize your yields.,Convex Finance 是收益协议，围绕质押、流动性或策略仓位提升资产收益，主要覆盖 Ethereum、Fraxtal、Arbitrum 等网络。,Ethereum; Fraxtal; Arbitrum; Polygon,622110405.7123603,214660338.80541316,0.3450518377997744,2374753.0,1682214.0,0.4116830557824391,13152.0,6706.0,0.9612287503728004,916728.0,904050.0,0.014023560643769703,7.5327251158826884,1360.1248150180782,19.513270639838385,19.513270639838385,持有人收入,DefiLlama protocols/fees/protocol revenue/holders revenue
Storm Trade,storm-trade,STORM,Derivatives,"Storm Trade is the first decentralized exchange in the TON blockchain that allows you to trade Crypto, Stock, Forex and Commodities, with leverage, both in Web App and Telegram.",Storm Trade 是链上衍生品协议，提供永续、期权或杠杆交易服务，主要覆盖 TON。,TON,4547259.464222721,1340571.4222929429,0.294808649658194,19050.0,25181.0,-0.2434772248917835,,,,5718.0,7553.0,-0.24294982126307427,5.86426693916423,,19.537300663007795,19.537300663007795,持有人收入,DefiLlama protocols/fees/protocol revenue/holders revenue
Veno Finance,veno-finance,VNO,Liquid Staking,Easy and Reliable Liquid Staking on Cronos chain,Veno Finance 是流动性质押协议，提供质押资产凭证和链上收益流动性，主要覆盖 Cronos、Ethereum、Cronos zkEVM 等网络。,Cronos; Ethereum; Cronos zkEVM; zkSync Era,40137699.94338715,1711490.43874638,0.042640471206879776,71428.0,66849.13999999998,0.06849542118268112,7133.0,6676.49,0.06837574833482866,0.0,0.0,,1.9967548192426638,19.994981526547736,,19.994981526547736,协议收入,DefiLlama protocols/fees/protocol revenue/holders revenue
deBridge,debridge,DBR,Bridge,deBridge is a cross-chain interoperability and liquidity transfer protocol that allows the decentralized transfer of arbitrary data and assets between various blockchains,deBridge 是跨链桥协议，提供资产跨链转移和链间流动性服务，主要覆盖 Ethereum、Binance、Arbitrum 等网络。,Ethereum; Binance; Arbitrum; Polygon; Heco; Sei,2330060.8876078986,114112333.39466307,48.9739705951692,521806.0,515259.0,0.012706231235165228,0.0,0.0,,474438.0,428266.0,0.10781150032923463,18.223939771144682,,20.043422146248663,20.043422146248663,持有人收入,DefiLlama protocols/fees/protocol revenue/holders revenue
ZyFAI,zyfai,ZFI,AI Agents,ZyFAI is a DeFi Agent built to optimize DeFi yields with real-time data and automated on-chain actions,ZyFAI 是 AI Agent 协议，围绕链上智能代理、自动化执行或 AI 应用提供服务，主要覆盖 Base、Arbitrum、Ethereum 等网络。,Base; Arbitrum; Ethereum; Sonic; Plasma,10569458.861232076,1406777.275018885,0.13309832541936759,5718.029999999999,6721.0,-0.1492292813569411,5718.029999999999,6721.0,-0.1492292813569411,0.0,0.0,,20.50206794733625,20.50206794733625,,20.50206794733625,协议收入,DefiLlama protocols/fees/protocol revenue/holders revenue
Hermes V2,hermes-v2,HERMES,Yield,Creating deep unified omnichain concentrated liquidity.,Hermes V2 是收益协议，围绕质押、流动性或策略仓位提升资产收益，主要覆盖 Arbitrum。,Arbitrum,7350.859050538963,28396.50856321858,3.8630190523292045,115.42,83.28000000000002,0.3859269932756962,0.0,0.0,,115.42,83.28000000000002,0.3859269932756962,20.502302145222217,,20.502302145222217,20.502302145222217,持有人收入,DefiLlama protocols/fees/protocol revenue/holders revenue
Migrate.Fun,migrate.fun,EMBLEM,Interface,migrate.fun is a migrations platform that allows for locked liquidity to migrate to new AMMS and launchpads through their automated protocol,Migrate.Fun 是链上交互入口，提供交易、聚合、工具或协议操作界面。,,,4209172.719653446,,17087.0,4805.12,2.5559986014917424,17087.0,4805.11,2.5560060019437643,0.0,0.0,,20.528143811345107,20.528143811345107,,20.528143811345107,协议收入,DefiLlama protocols/fees/protocol revenue/holders revenue
OPINION,opinion,OPN,Prediction Market,"Opinion is building a prediction exchange that enables direct trading of macroeconomic data, predictions, and news as standardized assets, leveraging proprietary on-chain infrastructure, AI Oracle, and trading tools to create new opportunities for retail users, institutions, and global decision makers in democratizing economic insights and risk management.",OPINION 是预测市场协议，支持围绕事件、体育或数据结果进行链上交易，主要覆盖 Binance。,Binance,3240174.2245272133,10245706.541861188,3.1620850707051655,41558.0,46111.0,-0.09873999696384811,41547.0,46100.0,-0.09876355748373102,0.0,0.0,,20.54499442919371,20.55043392996925,,20.55043392996925,协议收入,DefiLlama protocols/fees/protocol revenue/holders revenue
Gains Network,gains-network,GNS,Derivatives,Gains Network is building the decentralized finance ecosystem of the future. Our goal is to build the most advanced and optimised suite of DeFi products in the space.,Gains Network 是链上衍生品协议，提供永续、期权或杠杆交易服务，主要覆盖 Arbitrum、Base、Polygon 等网络。,Arbitrum; Base; Polygon; ApeChain; MegaETH,8987604.21479314,10087747.675405083,1.1224067542717517,844245.0,436898.0,0.9323617869617165,597399.0,280554.0,1.1293547766205436,40714.0,71407.0,-0.4298318092063803,0.9957365925970426,1.4071761747460076,20.647581657834905,20.647581657834905,持有人收入,DefiLlama protocols/fees/protocol revenue/holders revenue
Vesper,vesper,VSP,Yield Aggregator,Vesper is a platform for easy-to-use DeFi products.,Vesper 是收益聚合器，自动聚合和优化多类 DeFi 收益策略，主要覆盖 Ethereum、Base、Optimism 等网络。,Ethereum; Base; Optimism; Polygon; Avalanche,94803257.0967481,1054715.5610671656,0.011125309333948443,3169.400000000001,9694.4,-0.6730689882818945,3167.640000000001,7910.4,-0.5995600728155338,4205.0,3480.0,0.20833333333333334,27.73173579297778,27.747144063802637,20.90201270446226,20.90201270446226,持有人收入,DefiLlama protocols/fees/protocol revenue/holders revenue
Definitive,definitive,EDGE,DEX Aggregator,"Definitive Finance is a professional crypto and DeFi trading app for trading any EVM or Solana token across web, mobile, and API. It offers advanced onchain orders including Market, Limit, Stop Loss, Take Profit, DCA, Bracket, and Cross-Chain, with access to 900+ liquidity sources.",Definitive 是 DEX 聚合器，聚合多源流动性以优化交易路径和成交价格。,,,33805864.963070095,,654282.0,451923.0,0.4477731825996907,523430.0,361534.0,0.4478029728877505,130861.0,90382.0,0.44786572547631165,4.3057204899251005,5.382105369560733,21.527845680448525,21.527845680448525,持有人收入,DefiLlama protocols/fees/protocol revenue/holders revenue
xExchange,xexchange,MEX,Dexs,xExchange is a DEX AMM running on the MultiversX Network. It is built by the same team that has built the MultiversX blockchain.,xExchange 是去中心化交易协议，提供链上兑换、做市和流动性服务，主要覆盖 Elrond。,Elrond,4577068.282746811,2439191.654150365,0.5329157232250304,27773.0,21777.0,0.27533636405381823,0.0,0.0,,9255.0,7258.0,0.275144667952604,7.318833801865016,,21.962827788135826,21.962827788135826,持有人收入,DefiLlama protocols/fees/protocol revenue/holders revenue
MorpheusAI,morpheusai,MOR,AI Agents,"Morpheus is the decentralized infrastructure layer where anyone can build, deploy, and scale AI without gatekeepers. It combines yield-powered tokenomics, decentralized compute, and open-source code into a permissionless network — with the native token MOR aligning incentives through daily emissions to four contributor groups: Capital, Compute, Code, and Builders.",MorpheusAI 是 AI Agent 协议，围绕链上智能代理、自动化执行或 AI 应用提供服务，主要覆盖 Ethereum、Arbitrum、Base。,Ethereum; Arbitrum; Base,21692190.667364907,12376234.185694296,0.5705386964127085,47332.0,38417.0,0.23205872400239477,5572.0,17451.0,-0.6807059767348576,46912.0,20966.0,1.2375274253553372,21.78975848913754,185.09562972143897,21.984840740276645,21.984840740276645,持有人收入,DefiLlama protocols/fees/protocol revenue/holders revenue
Limitless Exchange,limitless-exchange,LMTS,Prediction Market,Prediction market on Base,Limitless Exchange 是预测市场协议，支持围绕事件、体育或数据结果进行链上交易，主要覆盖 Base。,Base,353616.3678244927,5526610.91902933,15.628832321959441,185362.0,411287.0,-0.5493122807188168,20653.1,143126.99,-0.8557008709538292,0.0,0.0,,2.4846026149864096,22.299359898470975,,22.299359898470975,协议收入,DefiLlama protocols/fees/protocol revenue/holders revenue
Swop,swop,SWOP,Dexs,Swop Fi is a service featuring functionality for instant exchange of cryptocurrencies and investing assets in order to receive passive income.,Swop 是去中心化交易协议，提供链上兑换、做市和流动性服务，主要覆盖 Waves、UNIT0。,Waves; UNIT0,350895.3746549683,78080.07036296559,0.2225166702175567,820.88,1001.0,-0.17994005994005993,82.22000000000001,99.95000000000002,-0.1773886943471736,287.78000000000014,351.78000000000003,-0.1819318892489621,7.9264600553639175,79.13734529612177,22.60988439171287,22.60988439171287,持有人收入,DefiLlama protocols/fees/protocol revenue/holders revenue
Sherwood,sherwood,SHERWOOD,Privacy,Sherwood is a privacy mixer + shielded DEX on Robinhood chain.,Sherwood 是 Privacy 赛道协议，主要覆盖 Robinhood Chain。,Robinhood Chain,79320.04642176637,217313.0114066962,2.739698489977975,750.8800000000001,509.9599999999999,0.4724292101341286,750.8800000000001,509.9599999999999,0.4724292101341286,0.0,,,24.117592181473313,24.117592181473313,,24.117592181473313,协议收入,DefiLlama protocols/fees/protocol revenue/holders revenue
Bloxwap,bloxwap,BLOXWAP,Interface,Bloxwap Perps is allows users to trade perps on Hyperliquid L1.,Bloxwap 是链上交互入口，提供交易、聚合、工具或协议操作界面。,,,78462.79521521302,,248.92,1281.45,-0.8057512973584611,248.92,1281.45,-0.8057512973584611,0.0,0.0,,26.267741715950578,26.267741715950578,,26.267741715950578,协议收入,DefiLlama protocols/fees/protocol revenue/holders revenue
WaterNeuron,waterneuron,WTN,Liquid Staking,Liquid staking protocol,WaterNeuron 是流动性质押协议，提供质押资产凭证和链上收益流动性，主要覆盖 ICP。,ICP,8113263.233436495,930124.2116538014,0.11464242991901956,29069.0,21356.0,0.36116313916463755,0.0,0.0,,2907.0,2136.0,0.3609550561797753,2.6664264670662945,,26.66334742729622,26.66334742729622,持有人收入,DefiLlama protocols/fees/protocol revenue/holders revenue
KAIO,kaio,KAIO,RWA,"KAIO (previous Libre Capital) enables regulated RWAs to thrive in permissionless finance while ensuring seamless compliance, interoperability, and liquidity access.",KAIO 是真实世界资产协议，将链下资产、收益或信用产品引入链上市场，主要覆盖 Sei、Aptos、Immutable zkEVM 等网络。,Sei; Aptos; Immutable zkEVM; Sui; Near; Avalanche; Solana; Polygon; Cardano; Hedera; Injective; Mantra; Ethereum; XDC,39655249.81514318,13975173.8741617,0.35241674026284886,42765.0,43396.0,-0.014540510646142502,42765.0,43396.0,-0.014540510646142502,0.0,0.0,,27.232499072765307,27.232499072765307,,27.232499072765307,协议收入,DefiLlama protocols/fees/protocol revenue/holders revenue
TermMax,termmax,TMX,Lending,"TermMax is a DeFi AMM protocol that allows users to lend, borrow and one-click leverage at fixed-rates and with maturity dates. Users may earn passive yields via Vaults without the hassle of managing positions. Curators and Order Makers are empowered by the Range Order Tool to set their pricing curves and slippages to manage risk and return efficiently with ease",TermMax 是链上借贷协议，提供资产存入、借出、抵押和利率市场服务，主要覆盖 Ethereum、Berachain、Binance 等网络。,Ethereum; Berachain; Binance; Robinhood Chain; X Layer; Arbitrum; Base; Hyperliquid L1; BSquared,27059456.089968923,2374243.381725598,0.08774172599151918,6400.33,4377.360000000001,0.4621438492607414,6400.33,4377.360000000001,0.4621438492607414,0.0,0.0,,30.913033412933373,30.913033412933373,,30.913033412933373,协议收入,DefiLlama protocols/fees/protocol revenue/holders revenue
foxify,foxify,FOX,Derivatives,"Foxify is an on-chain proprietary trading platform offering leveraged trading (up to 100x) on 100+ crypto pairs. It supports bot usage, multi-account management, and integrates with Vertex, ApeX, and Orderly Network.",foxify 是链上衍生品协议，提供永续、期权或杠杆交易服务，主要覆盖 Arbitrum、Sonic。,Arbitrum; Sonic,0.037446720848820426,2734269.8782304237,73017605.18014899,21040.0,8050.0,1.6136645962732918,14729.0,5637.0,1.6129146709242506,6311.0,2416.0,1.6121688741721854,10.829649390963338,15.469877329477129,36.10455128915681,36.10455128915681,持有人收入,DefiLlama protocols/fees/protocol revenue/holders revenue
LeverUp,leverup,LV,Derivatives,LP-free perps DEX. Unlimited OI. 1001x leverage. Zero fees on losses. 100% fees to traders.,LeverUp 是链上衍生品协议，提供永续、期权或杠杆交易服务，主要覆盖 Monad。,Monad,3224908.762558852,7418801.459126977,2.3004686350383503,45185.0,42406.0,0.06553317926708485,16714.0,22947.0,-0.27162592059964263,0.0,0.0,,13.682271880651722,36.988958653060195,,36.988958653060195,协议收入,DefiLlama protocols/fees/protocol revenue/holders revenue
