snapshot_utc,stablecoin,symbol,peg_type,peg_mechanism,market_cap_usd,market_cap_previous_30d_usd,market_cap_30d_abs_change_usd,market_cap_30d_change,price_usd,chains_count,data_source
2026-10-07T01:34:52+00:00,Tether,USDT,peggedUSD,fiat-backed,184185729322.1357,183363360091.69424,822369230.4414673,0.004484915797955635,0.9999088641399662,130,DefiLlama stablecoins
2026-10-07T01:34:52+00:00,USD Coin,USDC,peggedUSD,fiat-backed,74304071960.26929,74708105550.0166,-404033589.74731445,-0.005408162698983399,0.9999171215212229,157,DefiLlama stablecoins
2026-10-07T01:34:52+00:00,Sky Dollar,USDS,peggedUSD,crypto-backed,6836457419.647368,6601460953.455669,234996466.19169903,0.035597645407367796,0.9998083371813585,7,DefiLlama stablecoins
2026-10-07T01:34:52+00:00,Ethena USDe,USDe,peggedUSD,crypto-backed,4977062049.396312,4369451895.228384,607610154.1679277,0.1390586665644408,0.9996050649174113,31,DefiLlama stablecoins
2026-10-07T01:34:52+00:00,Dai,DAI,peggedUSD,crypto-backed,4799926623.148145,4814407979.490532,-14481356.3423872,-0.003007920476220139,0.9997569009092805,49,DefiLlama stablecoins
2026-10-07T01:34:52+00:00,World Liberty Financial USD,USD1,peggedUSD,fiat-backed,4466733293.106182,4264317448.895592,202415844.2105899,0.04746734891020207,0.9995389552691631,8,DefiLlama stablecoins
2026-10-07T01:34:52+00:00,Global Dollar,USDG,peggedUSD,fiat-backed,3089795067.98049,3199622540.8712873,-109827472.89079714,-0.03432513413313124,0.9999111544389846,6,DefiLlama stablecoins
2026-10-07T01:34:52+00:00,PayPal USD,PYUSD,peggedUSD,fiat-backed,2896926955.680909,2911685218.2405014,-14758262.559592247,-0.0050686325799017854,0.999875224181373,19,DefiLlama stablecoins
2026-10-07T01:34:52+00:00,Ripple USD,RLUSD,peggedUSD,fiat-backed,2527290310.9837637,2406903498.9783506,120386812.00541306,0.050017299013655175,0.9999388988347389,2,DefiLlama stablecoins
2026-10-07T01:34:52+00:00,Circle USYC,USYC,peggedUSD,fiat-backed,2402224800.61483,2629576219.861944,-227351419.24711418,-0.08645933802179363,1.139426974034997,2,DefiLlama stablecoins
2026-10-07T01:34:52+00:00,BlackRock USD,BUIDL,peggedUSD,fiat-backed,2246024698.567649,2815224286.6804495,-569199588.1128006,-0.20218623106010783,1,8,DefiLlama stablecoins
2026-10-07T01:34:52+00:00,Ondo US Dollar Yield,USDY,peggedUSD,fiat-backed,2206260845.343722,2208719828.5174127,-2458983.173690796,-0.0011133069672043334,1.1486553092254126,16,DefiLlama stablecoins
2026-10-07T01:34:52+00:00,Falcon USD,USDf,peggedUSD,crypto-backed,1655062304.1245613,1174851102.8077357,480211201.3168256,0.4087421803232645,0.9959564898358366,2,DefiLlama stablecoins
2026-10-07T01:34:52+00:00,USDD,USDD,peggedUSD,crypto-backed,1570431131.24318,,,,0.9988059839232527,4,DefiLlama stablecoins
2026-10-07T01:34:52+00:00,United Stables,U,peggedUSD,crypto-backed,1532328734.6949723,1276403069.4383812,255925665.25659108,0.20050536651341544,0.9991420437361351,4,DefiLlama stablecoins
2026-10-07T01:34:52+00:00,USDGO,USDGO,peggedUSD,fiat-backed,1305728002.17135,1355562840.1080756,-49834837.93672562,-0.03676320747531882,1.0000799933491338,3,DefiLlama stablecoins
2026-10-07T01:34:52+00:00,Open USD,OUSD,peggedUSD,fiat-backed,722610301.0753008,,,,1.0013238830447582,4,DefiLlama stablecoins
2026-10-07T01:34:52+00:00,GHO,GHO,peggedUSD,crypto-backed,698592039.989918,698592039.989918,0.0,0.0,0.9994163662230586,2,DefiLlama stablecoins
2026-10-07T01:34:52+00:00,Usual USD,USD0,peggedUSD,fiat-backed,542686182.5042682,548313843.666662,-5627661.162393808,-0.010263576649388866,0.9987621085489667,2,DefiLlama stablecoins
2026-10-07T01:34:52+00:00,Ethena USDtb,USDTB,peggedUSD,fiat-backed,533520443.555152,526970127.4224086,6550316.132743418,0.012430146970157983,0.9996240820740058,2,DefiLlama stablecoins
2026-10-07T01:34:52+00:00,Polymarket USD,pUSD,peggedUSD,crypto-backed,506535091.24216974,487230001.6204658,19305089.621703923,0.03962212827103753,0.999841534427578,1,DefiLlama stablecoins
2026-10-07T01:34:52+00:00,YLDS,YLDS,peggedUSD,fiat-backed,488184521.17720795,526217636.18933,-38033115.012122035,-0.07227639743803255,0.9998741062691598,3,DefiLlama stablecoins
2026-10-07T01:34:52+00:00,Multipli rwaUSDi,rwaUSDi,peggedUSD,crypto-backed,487296742.1964078,487296742.1964078,0.0,0.0,0.9997012204732953,7,DefiLlama stablecoins
2026-10-07T01:34:52+00:00,TrueUSD,TUSD,peggedUSD,fiat-backed,484380990.2127435,484380990.2127435,0.0,0.0,0.9997858990114313,10,DefiLlama stablecoins
2026-10-07T01:34:52+00:00,Neutrino USD,USDN,peggedUSD,algorithmic,408891137.096548,408891140.81083,-3.714281976222992,-9.08379176143944e-09,,4,DefiLlama stablecoins
2026-10-07T01:34:52+00:00,USD.AI,USDai,peggedUSD,crypto-backed,343094104.2627777,283417754.2602711,59676350.002506614,0.21055967421047314,1.0003232185956665,3,DefiLlama stablecoins
2026-10-07T01:34:52+00:00,SoFiUSD,SOFID,peggedUSD,fiat-backed,335192820.3020586,324334070.46468234,10858749.837376237,0.03348013923365685,0.9991951851194658,5,DefiLlama stablecoins
2026-10-07T01:34:52+00:00,First Digital USD,FDUSD,peggedUSD,fiat-backed,324682317.6668398,334049923.9722941,-9367606.305454314,-0.02804253386458264,0.99889159375745,6,DefiLlama stablecoins
2026-10-07T01:34:52+00:00,Gate USD,GUSD,peggedUSD,fiat-backed,319481784.6016497,319481784.6016497,0.0,0.0,0.9983805768801552,1,DefiLlama stablecoins
2026-10-07T01:34:52+00:00,apxUSD,apxUSD,peggedUSD,crypto-backed,311735988.1980859,321221032.4807006,-9485044.282614708,-0.02952809225897928,0.9906276550862434,3,DefiLlama stablecoins
2026-10-07T01:34:52+00:00,Re Protocol reUSD,reUSD,peggedUSD,crypto-backed,286677999.34484744,238695720.08832002,47982279.256527424,0.2010185990715437,1.1048537689875357,10,DefiLlama stablecoins
2026-10-07T01:34:52+00:00,crvUSD,crvUSD,peggedUSD,crypto-backed,260458468.50947374,279341176.81715703,-18882708.30768329,-0.06759729633430656,0.9997066869471393,12,DefiLlama stablecoins
2026-10-07T01:34:52+00:00,Agora Dollar,AUSD,peggedUSD,fiat-backed,247591775.408076,295416799.4671461,-47825024.05907011,-0.16188999456135814,0.9997488565564938,14,DefiLlama stablecoins
2026-10-07T01:34:52+00:00,Binance Peg BUSD,BUSD,peggedUSD,crypto-backed,232744046.33001295,232742774.69832045,1271.6316924989223,5.4636784929079e-06,0.9990591861109782,27,DefiLlama stablecoins
2026-10-07T01:34:52+00:00,Solstice USX,USX,peggedUSD,crypto-backed,211916395.65894324,237937728.603804,-26021332.944860756,-0.10936194565507315,0.9995923869190992,1,DefiLlama stablecoins
2026-10-07T01:34:52+00:00,M by M0,M,peggedUSD,fiat-backed,195637726.76273,183593472.170446,12044254.592283994,0.06560284769331151,,8,DefiLlama stablecoins
2026-10-07T01:34:52+00:00,HUSD,HUSD,peggedUSD,fiat-backed,192313547.97963187,192313547.97963187,0.0,0.0,,3,DefiLlama stablecoins
2026-10-07T01:34:52+00:00,USAT,USAT,peggedUSD,fiat-backed,183221040.2895598,184220526.62723625,-999486.3376764357,-0.005425488440269532,0.9994733445229662,1,DefiLlama stablecoins
2026-10-07T01:34:52+00:00,flexUSD,FLEXUSD,peggedUSD,crypto-backed,166300543.284181,166300543.284181,0.0,0.0,0.9997012204732953,2,DefiLlama stablecoins
2026-10-07T01:34:52+00:00,Frax,FRAX,peggedUSD,algorithmic,156039308.22349256,158895766.8058116,-2856458.582319051,-0.017976933179157394,0.992188147458565,22,DefiLlama stablecoins
2026-10-07T01:34:52+00:00,Mustang Finance,MUST,peggedUSD,crypto-backed,154341422.44184333,154324690.92800686,16731.513836473227,0.0001084176079398633,0.9997012204732953,1,DefiLlama stablecoins
2026-10-07T01:34:52+00:00,Avalon USDa,USDA,peggedUSD,crypto-backed,145559789.88545725,145575992.89287224,-16203.007414996624,-0.0001113027436255938,,19,DefiLlama stablecoins
2026-10-07T01:34:52+00:00,River Stablecoin,satUSD,peggedUSD,crypto-backed,136212608.79035082,158382481.5322557,-22169872.741904885,-0.13997679874329935,0.9949255693876522,11,DefiLlama stablecoins
2026-10-07T01:34:52+00:00,CASH,CASH,peggedUSD,fiat-backed,127880065.22918475,126560810.88070928,1319254.3484754711,0.010423877180424698,0.9996114306194612,1,DefiLlama stablecoins
2026-10-07T01:34:52+00:00,Avant USD,avUSD,peggedUSD,fiat-backed,125324090.4434592,133884340.80976105,-8560250.36630185,-0.06393765181594524,0.9991888210005555,2,DefiLlama stablecoins
2026-10-07T01:34:52+00:00,CFX MoveUSD,MOVEUSD,peggedUSD,fiat-backed,118604483.3178559,115254866.50408615,3349616.813769743,0.029062693102429548,0.9997012204732953,1,DefiLlama stablecoins
2026-10-07T01:34:52+00:00,Astherus,USDF,peggedUSD,crypto-backed,111273767.29464556,112582933.9372986,-1309166.6426530331,-0.011628464429450331,0.9982653283623907,1,DefiLlama stablecoins
2026-10-07T01:34:52+00:00,Dola,DOLA,peggedUSD,crypto-backed,108589579.3491715,102604930.33876888,5984649.01040262,0.05832710953209763,0.9974415017337664,8,DefiLlama stablecoins
2026-10-07T01:34:52+00:00,Frax USD,FRXUSD,peggedUSD,fiat-backed,105961177.3884924,111806043.44939218,-5844866.060899779,-0.052276834780808565,0.9998615890017174,32,DefiLlama stablecoins
2026-10-07T01:34:52+00:00,Valtorum USD,USDV,peggedUSD,fiat-backed,99462295.94735514,104962295.93552011,-5499999.988164976,-0.05239976830864778,,6,DefiLlama stablecoins
2026-10-07T01:34:52+00:00,US Permissionless Dollar,USPD,peggedUSD,crypto-backed,98934783.08929051,320521.3190801695,98614261.77021034,307.66833873395086,,6,DefiLlama stablecoins
2026-10-07T01:34:52+00:00,Saturn Dollar,USDAT,peggedUSD,crypto-backed,94156939.52799529,65924717.71199795,28232221.81599734,0.4282494153305904,0.9999304907398738,2,DefiLlama stablecoins
2026-10-07T01:34:52+00:00,fxUSD,fxUSD,peggedUSD,crypto-backed,90426484.65990447,78599514.52335154,11826970.13655293,0.15047128736449375,0.9998663802027316,2,DefiLlama stablecoins
2026-10-07T01:34:52+00:00,USDBridge,USDB,peggedUSD,fiat-backed,88977503.73,,,,,1,DefiLlama stablecoins
2026-10-07T01:34:52+00:00,Sui Dollar,USDSUI,peggedUSD,fiat-backed,80079734.6988185,74139704.29234375,5940030.406474754,0.08011942404102856,1.0003851339223282,1,DefiLlama stablecoins
2026-10-07T01:34:52+00:00,AP USDA,USDA,peggedUSD,fiat-backed,78979894.06373477,78979894.06373477,0.0,0.0,0.9081567548014186,1,DefiLlama stablecoins
2026-10-07T01:34:52+00:00,Cap cUSD,CUSD,peggedUSD,crypto-backed,78216539.62000562,85763355.70992897,-7546816.089923352,-0.08799581158470976,0.99988474,3,DefiLlama stablecoins
2026-10-07T01:34:52+00:00,Lista USD,LISUSD,peggedUSD,crypto-backed,75686230.85263589,74992397.81749082,693833.0351450741,0.00925204494505773,0.997426851308907,1,DefiLlama stablecoins
2026-10-07T01:34:52+00:00,Cygnus Finance Global USD,cgUSD,peggedUSD,fiat-backed,75662561.68976016,75606674.52715549,55887.1626046747,0.0007391829220659853,0.9921791932050092,1,DefiLlama stablecoins
2026-10-07T01:34:52+00:00,Tori trUSD,trUSD,peggedUSD,crypto-backed,73670770.14732546,66367665.066987604,7303105.080337852,0.11004010873316891,0.9987798035650794,3,DefiLlama stablecoins
2026-10-07T01:34:52+00:00,sUSD,SUSD,peggedUSD,crypto-backed,69836695.22363867,52442402.7650061,17394292.458632566,0.33168374333602185,,5,DefiLlama stablecoins
2026-10-07T01:34:52+00:00,PathUSD,pathUSD,peggedUSD,fiat-backed,69121416.44585857,36122843.18016827,32998573.265690297,0.9135098558301407,0.9959926806527768,1,DefiLlama stablecoins
2026-10-07T01:34:52+00:00,Ondo U.S. Dollar Token,USDon,peggedUSD,fiat-backed,66931359.02043817,65771757.36946501,1159601.6509731635,0.017630692828522726,1,2,DefiLlama stablecoins
2026-10-07T01:34:52+00:00,USP Stablecoin,USP,peggedUSD,crypto-backed,65418337.25481164,65418337.25481164,0.0,0.0,0.9997012204732953,1,DefiLlama stablecoins
2026-10-07T01:34:52+00:00,Axis USD,USDx,peggedUSD,crypto-backed,63140600.173927814,,,,1.000054885904617,1,DefiLlama stablecoins
2026-10-07T01:34:52+00:00,Yuzu USD,YZUSD,peggedUSD,crypto-backed,58750372.42188116,57844953.27442959,905419.1474515721,0.01565251756978795,0.9997146189511785,2,DefiLlama stablecoins
2026-10-07T01:34:52+00:00,StandX DUSD,DUSD,peggedUSD,crypto-backed,54990986.35955263,54937042.76068589,53943.59886673838,0.000981916684189298,0.9989740700889409,2,DefiLlama stablecoins
2026-10-07T01:34:52+00:00,Unitas,USDU,peggedUSD,crypto-backed,52144106.11863587,45347984.825842254,6796121.292793617,0.14986600438572834,0.9999144455095376,2,DefiLlama stablecoins
2026-10-07T01:34:52+00:00,USDKG,USDKG,peggedUSD,fiat-backed,50000000.0,50000000.0,0.0,0.0,,2,DefiLlama stablecoins
2026-10-07T01:34:52+00:00,Resupply USD,REUSD,peggedUSD,crypto-backed,49515852.09654591,45211456.445349865,4304395.651196048,0.09520586129312293,0.9899459181212407,1,DefiLlama stablecoins
2026-10-07T01:34:52+00:00,Fidelity Digital Dollar,FIDD,peggedUSD,fiat-backed,49416937.811777845,49466865.7389278,-49927.92714995146,-0.0010093206109612243,0.9995242833616339,1,DefiLlama stablecoins
2026-10-07T01:34:52+00:00,JupUSD,JUPUSD,peggedUSD,crypto-backed,48398194.63583988,47306004.30109378,1092190.3347461,0.023087773970393164,0.9994772055578137,1,DefiLlama stablecoins
2026-10-07T01:34:52+00:00,MNEE USD,MNEE,peggedUSD,fiat-backed,46957916.7364,58910886.412300006,-11952969.675900005,-0.20289916522804763,,1,DefiLlama stablecoins
2026-10-07T01:34:52+00:00,Metronome Synth USD,MSUSD,peggedUSD,crypto-backed,45771997.05208117,45513906.62895881,258090.4231223613,0.005670583833340906,0.8861694587447577,4,DefiLlama stablecoins
2026-10-07T01:34:52+00:00,infiniFi USD,IUSD,peggedUSD,crypto-backed,45051872.96898948,46212211.902923815,-1160338.9339343384,-0.0251089243763492,0.999279755033629,2,DefiLlama stablecoins
2026-10-07T01:34:52+00:00,pmUSD,pmUSD,peggedUSD,crypto-backed,44672617.889904104,44672617.889904104,0.0,0.0,0.4752345307134274,1,DefiLlama stablecoins
2026-10-07T01:34:52+00:00,SoulPeg USD,SPUSD,peggedUSD,crypto-backed,42519016.00789762,30608920.319681622,11910095.688216,0.38910538378440535,,1,DefiLlama stablecoins
2026-10-07T01:34:52+00:00,Unity USD,UUSD,peggedUSD,crypto-backed,41447368.68484946,27820868.894808497,13626499.790040966,0.4897941844146979,1.0001020006472556,1,DefiLlama stablecoins
2026-10-07T01:34:52+00:00,Main Street USD,MSUSD,peggedUSD,crypto-backed,41393988.0338038,41144927.99332727,249060.0404765308,0.0060532379718083945,0.5484159363241177,2,DefiLlama stablecoins
2026-10-07T01:34:52+00:00,StraitsX XUSD,XUSD,peggedUSD,fiat-backed,41139222.93886137,41139222.93886137,0.0,0.0,1.0001803615956126,2,DefiLlama stablecoins
2026-10-07T01:34:52+00:00,Gemini Dollar,GUSD,peggedUSD,fiat-backed,38200982.34570323,39264455.77729675,-1063473.4315935224,-0.02708488913294546,0.9994723496171967,2,DefiLlama stablecoins
2026-10-07T01:34:52+00:00,Liquity BOLD,BOLD,peggedUSD,crypto-backed,38090932.59096365,33883863.614342056,4207068.976621591,0.12416143048223285,0.9946683601017146,7,DefiLlama stablecoins
2026-10-07T01:34:52+00:00,Noon USN,USN,peggedUSD,crypto-backed,37611292.04930588,34138586.131592706,3472705.9177131727,0.1017237768525933,0.9995296999285737,3,DefiLlama stablecoins
2026-10-07T01:34:52+00:00,Neutrl USD,NUSD,peggedUSD,crypto-backed,35557505.51776137,53390061.78502091,-17832556.26725954,-0.33400516259118906,,1,DefiLlama stablecoins
2026-10-07T01:34:52+00:00,Binance USD,BUSD,peggedUSD,fiat-backed,34395731.7495531,34395731.7495531,0.0,0.0,0.9994138827013815,33,DefiLlama stablecoins
2026-10-07T01:34:52+00:00,Aegis YUSD,YUSD,peggedUSD,fiat-backed,34374590.994291715,34856368.2766335,-481777.2823417857,-0.013821786553269592,0.999757481928102,2,DefiLlama stablecoins
2026-10-07T01:34:52+00:00,Metamask USD,MUSD,peggedUSD,crypto-backed,33584211.50534508,25311510.261079963,8272701.244265113,0.3268355447357704,0.9998715082361196,3,DefiLlama stablecoins
2026-10-07T01:34:52+00:00,Bean,BEAN,peggedUSD,algorithmic,33390536.715659,33390536.715659,0.0,0.0,,1,DefiLlama stablecoins
2026-10-07T01:34:52+00:00,Universal USD,USDU,peggedUSD,fiat-backed,30759928.73,30651543.81,108384.92000000179,0.0035360346177617796,,1,DefiLlama stablecoins
2026-10-07T01:34:52+00:00,Mezo USD,MUSD,peggedUSD,crypto-backed,29908956.901204754,30245282.712878875,-336325.81167412177,-0.011119942731793656,0.9896921648838776,2,DefiLlama stablecoins
2026-10-07T01:34:52+00:00,Zoth ZeUSD,ZeUSD,peggedUSD,fiat-backed,27637677.149667155,27637677.149667155,0.0,0.0,0.9997012204732953,4,DefiLlama stablecoins
2026-10-07T01:34:52+00:00,Gyroscope GYD,GYD,peggedUSD,crypto-backed,26558618.801549315,26558618.801549315,0.0,0.0,,2,DefiLlama stablecoins
2026-10-07T01:34:52+00:00,Liquity USD,LUSD,peggedUSD,crypto-backed,26227267.940971497,26528142.973539326,-300875.0325678289,-0.011341729908042893,1.004821507737733,10,DefiLlama stablecoins
2026-10-07T01:34:52+00:00,Hylo HYUSD,HYUSD,peggedUSD,crypto-backed,26108290.872414,16978946.479349,9129344.393065002,0.5376861517390823,,1,DefiLlama stablecoins
2026-10-07T01:34:52+00:00,Pax Dollar,USDP,peggedUSD,fiat-backed,25903835.165257685,28966451.887850218,-3062616.7225925326,-0.10572978473339106,0.9930811946587182,4,DefiLlama stablecoins
2026-10-07T01:34:52+00:00,Bucket Protocol BUCK Stablecoin,BUCK,peggedUSD,crypto-backed,25784982.8838022,25839262.975784704,-54280.09198250249,-0.0021006826716911836,0.9949483609933626,1,DefiLlama stablecoins
2026-10-07T01:34:52+00:00,Electronic USD,EUSD,peggedUSD,crypto-backed,23425897.797040686,22828858.066508703,597039.7305319831,0.02615285130743688,0.9991960574936445,3,DefiLlama stablecoins
2026-10-07T01:34:52+00:00,YU,YU,peggedUSD,crypto-backed,22693743.541640446,22524230.953164417,169512.5884760283,0.007525788064795773,,4,DefiLlama stablecoins
2026-10-07T01:34:52+00:00,Hex Trust USDX,USDX,peggedUSD,fiat-backed,21862984.481444236,18786515.72051339,3076468.7609308474,0.1637594116279682,0.9924092777196272,3,DefiLlama stablecoins
2026-10-07T01:34:52+00:00,Stable Coin,SBC,peggedUSD,fiat-backed,21707021.788884304,10318744.670161707,11388277.118722597,1.1036494731431443,0.999882459029773,11,DefiLlama stablecoins
2026-10-07T01:34:52+00:00,XSY UTY,UTY,peggedUSD,crypto-backed,20987523.159196634,20987523.159196634,0.0,0.0,0.999916754219285,1,DefiLlama stablecoins
2026-10-07T01:34:52+00:00,dForce USD,USX,peggedUSD,crypto-backed,20814311.38600501,20814307.018634815,4.367370195686817,2.098253951849927e-07,,9,DefiLlama stablecoins
2026-10-07T01:34:52+00:00,Western Union USDPT,USDPT,peggedUSD,fiat-backed,19200397.67088917,11845387.13654877,7355010.534340398,0.6209176998231337,0.9999830170147768,1,DefiLlama stablecoins
2026-10-07T01:34:52+00:00,Fantom USD,FUSD,peggedUSD,crypto-backed,18931337.53073713,18931337.53073713,0.0,0.0,0.9997012204732953,1,DefiLlama stablecoins
2026-10-07T01:34:52+00:00,SpiceUSD,USDS,peggedUSD,algorithmic,18042336.335093476,18042336.335093476,0.0,0.0,0.9997012204732953,4,DefiLlama stablecoins
2026-10-07T01:34:52+00:00,Real USD,USDR,peggedUSD,algorithmic,17909069.901456717,17909069.901456717,0.0,0.0,0.40480629333740004,2,DefiLlama stablecoins
2026-10-07T01:34:52+00:00,TOR,TOR,peggedUSD,crypto-backed,17070481.490329992,17070481.490329992,0.0,0.0,,1,DefiLlama stablecoins
2026-10-07T01:34:52+00:00,GAIB AID,AID,peggedUSD,fiat-backed,16968783.61387228,18774400.328514826,-1805616.714642547,-0.09617440147476512,1,4,DefiLlama stablecoins
2026-10-07T01:34:52+00:00,MegaUSD,USDM,peggedUSD,crypto-backed,16796280.59203006,17523211.263808038,-726930.6717779785,-0.041483873066083574,,2,DefiLlama stablecoins
2026-10-07T01:34:52+00:00,Mento Dollar,USDm,peggedUSD,algorithmic,16445633.616649259,16737851.168253329,-292217.55160406977,-0.017458486675895328,0.9990882049593994,5,DefiLlama stablecoins
2026-10-07T01:34:52+00:00,Mu Digital AZND,AZND,peggedUSD,crypto-backed,16326375.99,16326375.99,0.0,0.0,,1,DefiLlama stablecoins
2026-10-07T01:34:52+00:00,OpenDollar USDO,USDO,peggedUSD,fiat-backed,14484521.316726005,17910286.369623587,-3425765.052897582,-0.1912736056921897,0.9954134291870069,4,DefiLlama stablecoins
2026-10-07T01:34:52+00:00,Defi.money,MONEY,peggedUSD,crypto-backed,14003436.404715842,14003530.032520514,-93.62780467234552,-6.686014487412309e-06,1.000101719082431,3,DefiLlama stablecoins
2026-10-07T01:34:52+00:00,Hydrated Dollar,HOLLAR,peggedUSD,crypto-backed,13777874.685125884,12718867.238221345,1059007.4469045382,0.08326271727423376,,1,DefiLlama stablecoins
2026-10-07T01:34:52+00:00,Moneta,USDM,peggedUSD,fiat-backed,13565651.409735506,,,,0.9997012204732953,1,DefiLlama stablecoins
2026-10-07T01:34:52+00:00,Stable Mint USD,USDSM,peggedUSD,fiat-backed,12852797.131439324,12348220.804216458,504576.32722286694,0.04086226957089826,0.9934431002747457,4,DefiLlama stablecoins
2026-10-07T01:34:52+00:00,USD CoinVertible,USDCV,peggedUSD,fiat-backed,12505874.201758845,12505884.169632098,-9.967873252928257,-7.970546598482925e-07,0.9967873253031216,2,DefiLlama stablecoins
2026-10-07T01:34:52+00:00,eSui Dollar,suiUSDe,peggedUSD,crypto-backed,12377335.569206806,13097400.074523332,-720064.5053165257,-0.0549776674163885,1.0000909769546118,1,DefiLlama stablecoins
2026-10-07T01:34:52+00:00,YUSD Stablecoin,YUSD,peggedUSD,crypto-backed,11812630.095309786,11813876.788686676,-1246.6933768894523,-0.00010552788040614436,0.9972897581604325,1,DefiLlama stablecoins
2026-10-07T01:34:52+00:00,USDB Blast,USDB,peggedUSD,crypto-backed,10868427.183660058,11577997.951342821,-709570.7676827628,-0.061286136918038275,0.9947882501734621,1,DefiLlama stablecoins
2026-10-07T01:34:52+00:00,R,R,peggedUSD,crypto-backed,10718979.936400298,10718979.936400298,0.0,0.0,0.9997012204732953,2,DefiLlama stablecoins
2026-10-07T01:34:52+00:00,Pinto,PINTO,peggedUSD,crypto-backed,10655013.050181,10651344.273212,3668.7769689988345,0.0003444426238503776,,1,DefiLlama stablecoins
2026-10-07T01:34:52+00:00,Saga Dollar,D,peggedUSD,crypto-backed,10385239.752238203,10386798.658379985,-1558.9061417821795,-0.00015008533360993443,0.9997012204732953,1,DefiLlama stablecoins
2026-10-07T01:34:52+00:00,Telcoin eUSD,eUSD,peggedUSD,fiat-backed,10016063.267472023,10047538.619045127,-31475.35157310404,-0.003132643005068172,0.9990196092298862,4,DefiLlama stablecoins
2026-10-07T01:34:52+00:00,USDX,USDX,peggedUSD,crypto-backed,9946150.0,10013573.0,-67423.0,-0.006733161080465485,,1,DefiLlama stablecoins
2026-10-07T01:34:52+00:00,Alchemix USD,ALUSD,peggedUSD,algorithmic,9903587.901583185,10041158.874739109,-137570.9731559232,-0.013700706748303251,0.9501676388431816,4,DefiLlama stablecoins
2026-10-07T01:34:52+00:00,Felix feUSD,FEUSD,peggedUSD,crypto-backed,9703339.344764695,10067078.816592585,-363739.4718278907,-0.03613158081452331,0.9990510430349924,1,DefiLlama stablecoins
2026-10-07T01:34:52+00:00,Lift Dollar,USDL,peggedUSD,fiat-backed,9003252.317569753,,,,,2,DefiLlama stablecoins
2026-10-07T01:34:52+00:00,Royal Dollar,RUSD,peggedUSD,fiat-backed,9000015.0,9000015.0,0.0,0.0,,3,DefiLlama stablecoins
2026-10-07T01:34:52+00:00,Quantoz USDQ,USDQ,peggedUSD,fiat-backed,8089815.796226,8089811.0,4.796226000413299,5.928724416940394e-07,,4,DefiLlama stablecoins
2026-10-07T01:34:52+00:00,Bera USD,BUSD,peggedUSD,crypto-backed,7942888.93840167,7037996.642589185,904892.2958124848,0.12857242504730537,1.004476848571537,1,DefiLlama stablecoins
2026-10-07T01:34:52+00:00,NXUSD,NXUSD,peggedUSD,crypto-backed,7752915.684549774,7744975.684549776,7939.999999998137,0.0010251807524505737,,2,DefiLlama stablecoins
2026-10-07T01:34:52+00:00,Anzen USDz,USDz,peggedUSD,fiat-backed,7598974.576636382,7598974.576636382,0.0,0.0,0.9448920723585235,4,DefiLlama stablecoins
2026-10-07T01:34:52+00:00,USBD,USBD,peggedUSD,crypto-backed,7507153.527626624,7507153.527626624,0.0,0.0,,7,DefiLlama stablecoins
2026-10-07T01:34:52+00:00,Solomon USDv,USDV,peggedUSD,crypto-backed,7442850.015830809,1514992.825624474,5927857.190206335,3.9127955525221023,1.0001693904441937,1,DefiLlama stablecoins
2026-10-07T01:34:52+00:00,USDH Stablecoin,USDH,peggedUSD,fiat-backed,6963369.306033835,8035951.911641572,-1072582.6056077369,-0.1334729995153283,0.9997917172999433,1,DefiLlama stablecoins
2026-10-07T01:34:52+00:00,StablR USD,USDR,peggedUSD,fiat-backed,6744149.2,6744149.2,0.0,0.0,,1,DefiLlama stablecoins
2026-10-07T01:34:52+00:00,Origin Dollar,OUSD,peggedUSD,crypto-backed,6080319.906606007,6220436.9426539745,-140117.03604796715,-0.022525272314421318,0.9998200553495554,1,DefiLlama stablecoins
2026-10-07T01:34:52+00:00,HomeCoin,HOME,peggedUSD,crypto-backed,6065019.732656516,6065019.732656516,0.0,0.0,0.9997012204732953,1,DefiLlama stablecoins
2026-10-07T01:34:52+00:00,USDX Money USDX,USDX,peggedUSD,crypto-backed,6038402.5429717535,0.0,6038402.5429717535,,0.008835278732019312,3,DefiLlama stablecoins
2026-10-07T01:34:52+00:00,Bitcoin USD,BtcUSD,peggedUSD,crypto-backed,5278639.960798134,5219920.5309025515,58719.42989558261,0.011249104186156971,0.9985066636980495,2,DefiLlama stablecoins
2026-10-07T01:34:52+00:00,USP,USP,peggedUSD,crypto-backed,5235893.238471854,5544961.715823414,-309068.47735156026,-0.05573861339197079,1.143372072857014,1,DefiLlama stablecoins
2026-10-07T01:34:52+00:00,USDST,USDST,peggedUSD,fiat-backed,4975851.41263946,4978176.019650778,-2324.607011318207,-0.0004669595856277656,0.99983342,1,DefiLlama stablecoins
2026-10-07T01:34:52+00:00,XAI,XAI,peggedUSD,crypto-backed,4856578.628344721,4856438.48706049,140.1412842310965,2.885680207923757e-05,0.9997012204732953,1,DefiLlama stablecoins
2026-10-07T01:34:52+00:00,Startale USD,USDSC,peggedUSD,fiat-backed,4478091.350066031,4790455.448414066,-312364.09834803455,-0.06520551160776293,1.00022064915212,1,DefiLlama stablecoins
2026-10-07T01:34:52+00:00,Flying Tulip USD,ftUSD,peggedUSD,crypto-backed,4384968.132307129,4201414.226927308,183553.90537982062,0.0436885999488944,1.002046845001543,1,DefiLlama stablecoins
2026-10-07T01:34:52+00:00,Parrot USD,PAI,peggedUSD,crypto-backed,4223731.855056,4223732.264353,-0.4092969996854663,-9.690410614796941e-08,,1,DefiLlama stablecoins
2026-10-07T01:34:52+00:00,Anzens USDA,USDA,peggedUSD,fiat-backed,4214564.686152463,4432333.793416879,-217769.1072644163,-0.049131928553724384,0.9954946665340487,1,DefiLlama stablecoins
2026-10-07T01:34:52+00:00,USDR,USDR,peggedUSD,crypto-backed,4180410.3728672913,4174755.952852533,5654.420014758129,0.0013544312718195104,1.0032416406439166,1,DefiLlama stablecoins
2026-10-07T01:34:52+00:00,Fei USD,FEI,peggedUSD,algorithmic,3975422.256340262,3918897.5201044944,56524.7362357676,0.014423632142914627,0.9997384521387461,1,DefiLlama stablecoins
2026-10-07T01:34:52+00:00,Citrea USD,ctUSD,peggedUSD,fiat-backed,3642538.694184,6347385.573634,-2704846.8794499994,-0.4261355873330731,,1,DefiLlama stablecoins
2026-10-07T01:34:52+00:00,Palm USD,PUSD,peggedUSD,fiat-backed,3475066.2028255207,3475066.2028255207,0.0,0.0,0.9997012204732953,4,DefiLlama stablecoins
2026-10-07T01:34:52+00:00,USD Somnia,USDso,peggedUSD,fiat-backed,3458511.407036615,1460332.58679649,1998178.820240125,1.3683039317937158,0.9998615890017174,1,DefiLlama stablecoins
2026-10-07T01:34:52+00:00,Monetrix USDM,USDM,peggedUSD,crypto-backed,3121160.929671,2557456.733618,563704.1960530002,0.22041592674591814,,1,DefiLlama stablecoins
2026-10-07T01:34:52+00:00,mStable USD,MUSD,peggedUSD,crypto-backed,2988921.9904667377,3195297.0427689995,-206375.0523022618,-0.06458712587278587,0.997224919118062,3,DefiLlama stablecoins
2026-10-07T01:34:52+00:00,DigitalDollar,DUSD,peggedUSD,fiat-backed,2951441.798484744,2951441.798484744,0.0,0.0,0.9997012204732953,1,DefiLlama stablecoins
2026-10-07T01:34:52+00:00,Dollar on Chain,DOC,peggedUSD,crypto-backed,2871264.860167967,2825260.3451606743,46004.51500729285,0.016283283445397506,0.9997012204732953,3,DefiLlama stablecoins
2026-10-07T01:34:52+00:00,aUSD Seed,aSEED,peggedUSD,crypto-backed,2712559.5454500658,2714234.739204513,-1675.1937544471584,-0.0006171882373512483,,2,DefiLlama stablecoins
2026-10-07T01:34:52+00:00,Deel USD,DLUSD,peggedUSD,fiat-backed,2653429.084959,,,,,1,DefiLlama stablecoins
2026-10-07T01:34:52+00:00,USDP Stablecoin,USDP,peggedUSD,crypto-backed,2637723.0608427175,2637723.0608427175,0.0,0.0,0.9997012204732953,4,DefiLlama stablecoins
2026-10-07T01:34:52+00:00,Plume USD,pUSD,peggedUSD,crypto-backed,2194521.209755579,3889538.64522755,-1695017.435471971,-0.43578881458132607,1.000714688290638,2,DefiLlama stablecoins
2026-10-07T01:34:52+00:00,RIF US Dollar,USDRIF,peggedUSD,crypto-backed,2178159.6013124944,2241757.228548853,-63597.62723635882,-0.028369542618817467,0.9978558282643121,1,DefiLlama stablecoins
2026-10-07T01:34:52+00:00,Synnax Stablecoin,syUSD,peggedUSD,crypto-backed,2150642.2905625096,3589569.9539492056,-1438927.663386696,-0.40086352455775476,,1,DefiLlama stablecoins
2026-10-07T01:34:52+00:00,XUSD,XUSD,peggedUSD,crypto-backed,1994061.8292490647,2096426.193396534,-102364.3641474694,-0.04882803147084483,1.011253488597559,1,DefiLlama stablecoins
2026-10-07T01:34:52+00:00,Hermetica USDh,USDH,peggedUSD,fiat-backed,1983505.07969328,1974767.16590591,8737.91378736985,0.004424781786039771,,1,DefiLlama stablecoins
2026-10-07T01:34:52+00:00,Nexus USD,NUSD,peggedUSD,crypto-backed,1971249.8286240073,2169640.079934341,-198390.2513103336,-0.09143924522095731,0.9997012204732953,13,DefiLlama stablecoins
2026-10-07T01:34:52+00:00,FinChain Dollar,FUSD,peggedUSD,fiat-backed,1893381.9039141703,1888523.2815591071,4858.622355063213,0.0025727098005654887,0.9997012204732953,5,DefiLlama stablecoins
2026-10-07T01:34:52+00:00,Web 3 Dollar,USD3,peggedUSD,crypto-backed,1704486.4610704775,1698947.664295064,5538.796775413444,0.0032601338415634068,1.1127659421414517,2,DefiLlama stablecoins
2026-10-07T01:34:52+00:00,Initia iUSD,iUSD,peggedUSD,crytpo-backed,1622392.031242,2519603.143495,-897211.112253,-0.3560922340366895,,1,DefiLlama stablecoins
2026-10-07T01:34:52+00:00,Streamflow USD+,USD+,peggedUSD,fiat-backed,1617286.8371752587,1568997.8041734889,48289.0330017698,0.030776992085854018,0.9997803895390021,1,DefiLlama stablecoins
2026-10-07T01:34:52+00:00,Sovryn Dollar,DLLR,peggedUSD,crypto-backed,1577068.4221455057,1767278.0610353092,-190209.63888980355,-0.1076285860632337,0.9956693087873337,1,DefiLlama stablecoins
2026-10-07T01:34:52+00:00,The Fedz FUSD,FUSD,peggedUSD,crypto-backed,1552771.0472557244,1552771.0472557244,0.0,0.0,0.9644540666184623,1,DefiLlama stablecoins
2026-10-07T01:34:52+00:00,Interest Protocol,USDI,peggedUSD,crypto-backed,1526449.8163396856,1526449.8163396856,0.0,0.0,0.9997012204732953,1,DefiLlama stablecoins
2026-10-07T01:34:52+00:00,Nerona USD,USDnr,peggedUSD,fiat-backed,1523422.2228199583,2192452.2203243272,-669029.9975043689,-0.30515146068058896,0.9997012204732953,2,DefiLlama stablecoins
2026-10-07T01:34:52+00:00,Noble Dollar,USDN,peggedUSD,fiat-backed,1510305.718373,1920895.859153,-410590.14078,-0.21374929766418763,,1,DefiLlama stablecoins
2026-10-07T01:34:52+00:00,USDW,USDW,peggedUSD,crypto-backed,1444420.0469039392,1444420.0469039392,0.0,0.0,0.9997012204732953,1,DefiLlama stablecoins
2026-10-07T01:34:52+00:00,Djed StableCoin,DJED,peggedUSD,algorithmic,1441603.3323414356,1447072.416840383,-5469.084498947486,-0.003779413134616292,0.9860306753291449,1,DefiLlama stablecoins
2026-10-07T01:34:52+00:00,USN,USN,peggedUSD,algorithmic,1418675.8868858505,1418675.8868858505,0.0,0.0,0.9997012204732953,2,DefiLlama stablecoins
2026-10-07T01:34:52+00:00,iUSD,IUSD,peggedUSD,crypto-backed,1403054.9749200502,1388927.8135249715,14127.161395078758,0.010171271147076619,0.975482180845536,1,DefiLlama stablecoins
2026-10-07T01:34:52+00:00,USDM,USDM,peggedUSD,fiat-backed,1398687.372127441,1398687.372127441,0.0,0.0,,6,DefiLlama stablecoins
2026-10-07T01:34:52+00:00,Alto DUSD,DUSD,peggedUSD,crypto-backed,1325271.5302229654,834406.7401766502,490864.7900463152,0.5882799915331405,1.0011202083318522,1,DefiLlama stablecoins
2026-10-07T01:34:52+00:00,dTRINITY USD,dUSD,peggedUSD,crypto-backed,1308709.1429529556,1388295.55076655,-79586.40781359444,-0.05732670379131494,0.998526316044981,5,DefiLlama stablecoins
2026-10-07T01:34:52+00:00,Cod3x USD,cdxUSD,peggedUSD,crypto-backed,1256874.8127532934,1256874.8127532934,0.0,0.0,0.20436988825256802,1,DefiLlama stablecoins
2026-10-07T01:34:52+00:00,Liquid Loans USDL,USDL,peggedUSD,crypto-backed,1203527.613937511,1219846.238444751,-16318.624507239787,-0.013377607761487463,0.9811943131622521,1,DefiLlama stablecoins
2026-10-07T01:34:52+00:00,Vai,VAI,peggedUSD,crypto-backed,1193372.5516443541,1751257.487745193,-557884.9361008389,-0.318562484388938,0.9973920466714453,1,DefiLlama stablecoins
2026-10-07T01:34:52+00:00,Note,NOTE,peggedUSD,crypto-backed,1192904.130534113,1192904.130534113,0.0,0.0,0.9997012204732953,1,DefiLlama stablecoins
2026-10-07T01:34:52+00:00,zkUSD Dollar,zkUSD,peggedUSD,crypto-backed,1178747.1919696047,1178747.1919696047,0.0,0.0,0.9997012204732953,1,DefiLlama stablecoins
2026-10-07T01:34:52+00:00,Hyperbeat USD,beatUSD,peggedUSD,fiat-backed,1177537.788952,1929885.530943,-752347.741991,-0.38984060449605024,,1,DefiLlama stablecoins
2026-10-07T01:34:52+00:00,USDH,USDH,peggedUSD,crypto-backed,1122959.4534702187,1123260.6631279124,-301.20965769374743,-0.00026815650861927037,0.9950864743679732,1,DefiLlama stablecoins
2026-10-07T01:34:52+00:00,Youves uUSD,UUSD,peggedUSD,crypto-backed,1083316.0716513207,1077103.1768459398,6212.894805380842,0.0057681519643957785,0.989210087772119,1,DefiLlama stablecoins
2026-10-07T01:34:52+00:00,Multipli rwaUSD,rwaUSD,peggedUSD,crypto-backed,1042987.6627146137,1043475.8576336137,-488.1949190000305,-0.0004678545415580146,1,6,DefiLlama stablecoins
2026-10-07T01:34:52+00:00,Glo Dollar,USDGLO,peggedUSD,fiat-backed,987868.7559782395,1091237.0517055348,-103368.29572729534,-0.09472579359886762,0.9990283034799924,8,DefiLlama stablecoins
2026-10-07T01:34:52+00:00,US Sonic Dollar,USSD,peggedUSD,crypto-backed,971756.5975021009,1963319.2154671007,-991562.6179649999,-0.5050440143168942,,1,DefiLlama stablecoins
2026-10-07T01:34:52+00:00,Frontier Stable Token,FRNT,peggedUSD,fiat-backed,967947.919913,,,,,7,DefiLlama stablecoins
2026-10-07T01:34:52+00:00,Magic Internet Money,MIM,peggedUSD,crypto-backed,958790.3920291909,958796.3685519713,-5.976522780372761,-6.2333598419848476e-06,0.03260212491739322,14,DefiLlama stablecoins
2026-10-07T01:34:52+00:00,Balanced Dollars,BNUSD,peggedUSD,crypto-backed,938236.4048849028,937474.4412607289,761.9636241738917,0.0008127833577512709,1,9,DefiLlama stablecoins
2026-10-07T01:34:52+00:00,Czodiac USD,CZUSD,peggedUSD,crypto-backed,920916.7069222699,919705.6741082169,1211.0328140530037,0.001316761272814011,0.9997012204732953,1,DefiLlama stablecoins
2026-10-07T01:34:52+00:00,Meme Dollar,PINA,peggedUSD,algorithmic,913197.9686235645,913197.9686235645,0.0,0.0,0.9997012204732953,1,DefiLlama stablecoins
2026-10-07T01:34:52+00:00,Angle USDA,USDA,peggedUSD,crypto-backed,820655.9777514421,826177.7301869676,-5521.75243552553,-0.006683492224216614,,1,DefiLlama stablecoins
2026-10-07T01:34:52+00:00,Solayer USD,sUSD,peggedUSD,fiat-backed,815596.8565135916,815460.9123061355,135.9442074560793,0.0001667084288217164,1.111833988122271,1,DefiLlama stablecoins
2026-10-07T01:34:52+00:00,SMARDEX USDN,USDN,peggedUSD,crypto-backed,808317.4983617938,864115.1366632434,-55797.638301449595,-0.06457199502014352,,1,DefiLlama stablecoins
2026-10-07T01:34:52+00:00,Pareto USP,USP,peggedUSD,crypto-backed,788132.7430397127,783261.1055655878,4871.637474124902,0.006219685159276643,,1,DefiLlama stablecoins
2026-10-07T01:34:52+00:00,Kolibri USD,KUSD,peggedUSD,crypto-backed,749190.5795235187,749190.5795235187,0.0,0.0,1.4790509822262048,1,DefiLlama stablecoins
2026-10-07T01:34:52+00:00,Parallel USDp,USDp,peggedUSD,crypto-backed,742155.8982247933,1935736.4531840133,-1193580.5549592199,-0.6166028195604564,0.9997012204732953,24,DefiLlama stablecoins
2026-10-07T01:34:52+00:00,Fathom Dollar,FXD,peggedUSD,crypto-backed,675616.6042455194,675616.6042455194,0.0,0.0,0.8664708426389423,1,DefiLlama stablecoins
2026-10-07T01:34:52+00:00,Rings scUSD,SCUSD,peggedUSD,crypto-backed,645573.1317608528,653557.2240094498,-7984.092248597066,-0.012216362936999106,1.0004823612076172,1,DefiLlama stablecoins
2026-10-07T01:34:52+00:00,Pleasing USD,PUSD,peggedUSD,crypto-backed,644376.430278012,644376.430278012,0.0,0.0,,1,DefiLlama stablecoins
2026-10-07T01:34:52+00:00,Sigma Money bnbUSD,BNBUSD,peggedUSD,crypto-backed,617080.9511035398,412034.49679935246,205046.45430418733,0.49764390092812627,0.9987622631135337,1,DefiLlama stablecoins
2026-10-07T01:34:52+00:00,eUSD (V2),eUSD(v2),peggedUSD,crypto-backed,602719.7693879437,602719.7693879437,0.0,0.0,,1,DefiLlama stablecoins
2026-10-07T01:34:52+00:00,Worldwide USD,WUSD,peggedUSD,fiat-backed,599283.6509050614,610331.5109050614,-11047.859999999986,-0.018101408501122775,,2,DefiLlama stablecoins
2026-10-07T01:34:52+00:00,Threshold USD,THUSD,peggedUSD,crypto-backed,539902.4956891537,539902.4956891537,0.0,0.0,,1,DefiLlama stablecoins
2026-10-07T01:34:52+00:00,Good Game US Dollar,GGUSD,peggedUSD,crypto-backed,534366.3244332841,535674.3836462862,-1308.059213002096,-0.002441892412510483,0.9997524394852898,3,DefiLlama stablecoins
2026-10-07T01:34:52+00:00,PXDC Stablecoin,PXDC,peggedUSD,crypto-backed,527775.7102734721,538444.4329451495,-10668.722671677358,-0.01981397154265715,1.009569317690162,1,DefiLlama stablecoins
2026-10-07T01:34:52+00:00,Overnight USD+,USD+,peggedUSD,crypto-backed,525617.497372,547876.499381,-22259.00200899993,-0.04062777292719896,,9,DefiLlama stablecoins
2026-10-07T01:34:52+00:00,Sperax USD,USDS,peggedUSD,crypto-backed,513703.91251454526,514375.2313744172,-671.3188598719425,-0.0013051150578891016,0.9989943169072065,1,DefiLlama stablecoins
2026-10-07T01:34:52+00:00,Resolv USD,USR,peggedUSD,crypto-backed,499086.4128880784,499086.4128880785,-5.820766091346741e-11,-1.1662842227388113e-16,0.0818092162101979,6,DefiLlama stablecoins
2026-10-07T01:34:52+00:00,WEUSD,WEUSD,peggedUSD,crypto-backed,490369.79984,490727.523343,-357.7235029999865,-0.0007289656397567726,,4,DefiLlama stablecoins
2026-10-07T01:34:52+00:00,USDK,USDK,peggedUSD,fiat-backed,488564.9831587247,488564.9831587247,0.0,0.0,0.9997012204732953,4,DefiLlama stablecoins
2026-10-07T01:34:52+00:00,Verified USD,USDV,peggedUSD,fiat-backed,455177.640028,,,,,7,DefiLlama stablecoins
2026-10-07T01:34:52+00:00,Delpho USDV,USDV,peggedUSD,crypto-backed,435345.53117968707,434469.59141073277,875.9397689542966,0.0020161129484576813,1.0010846720588475,1,DefiLlama stablecoins
2026-10-07T01:34:52+00:00,mantraUSD,mantraUSD,peggedUSD,crypto-backed,434666.6548289795,434666.6548289795,0.0,0.0,0.9999144455095376,1,DefiLlama stablecoins
2026-10-07T01:34:52+00:00,Level USD,LVLUSD,peggedUSD,crypto-backed,403649.6329415327,404114.04755115486,-464.41460962215206,-0.001149216693743773,,1,DefiLlama stablecoins
2026-10-07T01:34:52+00:00,Bread,BREAD,peggedUSD,crypto-backed,394031.36826467956,402232.5907217037,-8201.222457024152,-0.02038925399433485,1.0048853057733096,1,DefiLlama stablecoins
2026-10-07T01:34:52+00:00,Lets Get HAI,HAI,peggedUSD,crypto-backed,364338.35447772074,357086.6134854333,7251.740992287465,0.020308072939237434,1.2198906718411602,1,DefiLlama stablecoins
2026-10-07T01:34:52+00:00,KEI Stablecoin,KEI,peggedUSD,crypto-backed,362288.12475051376,362288.12475051376,0.0,0.0,,1,DefiLlama stablecoins
2026-10-07T01:34:52+00:00,Stable Jack aUSD,aUSD,peggedUSD,crypto-backed,344974.20796190307,364692.30082487914,-19718.092862976075,-0.054067751960698684,0.9997012204732953,1,DefiLlama stablecoins
2026-10-07T01:34:52+00:00,Zunami USD,zunUSD,peggedUSD,crypto-backed,303269.20156633016,303269.20156633016,0.0,0.0,0.9997012204732953,1,DefiLlama stablecoins
2026-10-07T01:34:52+00:00,GRAI,GRAI,peggedUSD,crypto-backed,302610.89100593136,302610.89100593136,0.0,0.0,0.7215105711980996,7,DefiLlama stablecoins
2026-10-07T01:34:52+00:00,Elara USD,elUSD,peggedUSD,crypto-backed,297976.5052501602,570422.875580556,-272446.3703303958,-0.47762174694188003,,1,DefiLlama stablecoins
2026-10-07T01:34:52+00:00,UXD Stablecoin,UXD,peggedUSD,algorithmic,297869.7703068546,297869.84995255043,-0.07964569580508396,-2.67384214339824e-07,1.001177793303658,1,DefiLlama stablecoins
2026-10-07T01:34:52+00:00,Nectar,NECT,peggedUSD,crypto-backed,296698.48768937285,353597.5877846192,-56899.10009524634,-0.1609148423543667,1.0038639353477259,1,DefiLlama stablecoins
2026-10-07T01:34:52+00:00,Opus CASH,CASH,peggedUSD,crypto-backed,290645.98737756093,291728.0711107613,-1082.0837332003866,-0.0037092204705578315,0.9930949440876452,1,DefiLlama stablecoins
2026-10-07T01:34:52+00:00,USDJ,USDJ,peggedUSD,crypto-backed,282627.2616283635,283127.27810436697,-500.01647600345314,-0.0017660483982724407,0.5250359956946804,1,DefiLlama stablecoins
2026-10-07T01:34:52+00:00,BAI Stablecoin,BAI,peggedUSD,crypto-backed,264796.13911609724,255331.6241818907,9464.514934206556,0.03706753898790193,1.111613747655833,1,DefiLlama stablecoins
2026-10-07T01:34:52+00:00,USDU Finance,USDU,peggedUSD,crypto-backed,257603.8718125211,57620.24421186592,199983.6276006552,3.470718153594218,0.9999144455095376,1,DefiLlama stablecoins
2026-10-07T01:34:52+00:00,rUSD,rUSD,peggedUSD,crypto-backed,254022.73782099714,258899.7024399146,-4876.964618917467,-0.018837273944141794,,1,DefiLlama stablecoins
2026-10-07T01:34:52+00:00,bitSmiley USD,bitUSD,peggedUSD,crypto-backed,253427.19705772123,253427.19705772123,0.0,0.0,0.9997012204732953,1,DefiLlama stablecoins
2026-10-07T01:34:52+00:00,Asymmetry USDaf V2,USDaf,peggedUSD,crypto-backed,248714.15062204696,244756.81379782464,3957.3368242223223,0.016168443945716596,,1,DefiLlama stablecoins
2026-10-07T01:34:52+00:00,mkUSD,mkUSD,peggedUSD,crypto-backed,244905.32961013116,244905.32961013116,0.0,0.0,0.9986859643737972,1,DefiLlama stablecoins
2026-10-07T01:34:52+00:00,USDT+,USDT+,peggedUSD,crypto-backed,238714.757588,238714.757588,0.0,0.0,,3,DefiLlama stablecoins
2026-10-07T01:34:52+00:00,Reservoir Stablecoin,rUSD,peggedUSD,fiat-backed,226628.86653287392,243267.54746002326,-16638.68092714934,-0.06839663202459677,0.9998957577303865,17,DefiLlama stablecoins
2026-10-07T01:34:52+00:00,USDCB,USDCB,peggedUSD,fiat-backed,225132.7148505861,225132.7148505861,0.0,0.0,0.9997012204732953,1,DefiLlama stablecoins
2026-10-07T01:34:52+00:00,USDtez,USDTZ,peggedUSD,fiat-backed,221331.02042256854,221331.02042256854,0.0,0.0,0.9898865111108852,1,DefiLlama stablecoins
2026-10-07T01:34:52+00:00,USDFC,USDFC,peggedUSD,crypto-backed,214500.03522495597,156817.6868562704,57682.348368685576,0.36783062883432105,1.0191349070660567,1,DefiLlama stablecoins
2026-10-07T01:34:52+00:00,Inter Stable Token,IST,peggedUSD,crypto-backed,211899.35490090767,212396.8640416298,-497.50914072213345,-0.0023423563382961323,0.9877811899490626,2,DefiLlama stablecoins
2026-10-07T01:34:52+00:00,Reserve,RSV,peggedUSD,crypto-backed,202866.7552752724,202866.7552752724,0.0,0.0,0.9997012204732953,2,DefiLlama stablecoins
2026-10-07T01:34:52+00:00,Legacy BOLD,BOLD,peggedUSD,crypto-backed,201327.57562532928,201969.14330260907,-641.5676772797888,-0.0031765628491008256,0.9997012204732953,6,DefiLlama stablecoins
2026-10-07T01:34:52+00:00,STBL,STBL,peggedUSD,crypto-backed,176960.8906121771,176960.89064501165,-3.283453406766057e-05,-1.8554684002765072e-10,0.8851766974535373,1,DefiLlama stablecoins
2026-10-07T01:34:52+00:00,USDLemma,USDL,peggedUSD,algorithmic,175063.4999597921,175063.4999597921,0.0,0.0,0.9997012204732953,2,DefiLlama stablecoins
2026-10-07T01:34:52+00:00,Savvy USD,SVUSD,peggedUSD,fiat-backed,173720.38139032086,173720.38139032086,0.0,0.0,0.9997012204732953,1,DefiLlama stablecoins
2026-10-07T01:34:52+00:00,SigmaUSD,SIGUSD,peggedUSD,algorithmic,159775.09820452041,181546.00156026776,-21770.903355747345,-0.11991948689941302,0.9997012204732953,1,DefiLlama stablecoins
2026-10-07T01:34:52+00:00,USD Balance,USDB,peggedUSD,algorithmic,147485.33418686985,147485.33418686985,0.0,0.0,0.9997012204732953,1,DefiLlama stablecoins
2026-10-07T01:34:52+00:00,USE,USE,peggedUSD,algorithmic,142540.2741560913,142456.67414152922,83.60001456207829,0.000586845193922066,0.9997012204732953,1,DefiLlama stablecoins
2026-10-07T01:34:52+00:00,Davos Protocol,DUSD,peggedUSD,crypto-backed,141218.02513166805,141328.02513166805,-110.0,-0.0007783311193764906,,5,DefiLlama stablecoins
2026-10-07T01:34:52+00:00,ZUSD,ZUSD,peggedUSD,fiat-backed,126859.67096850349,126859.67096850349,0.0,0.0,0.9997012204732953,5,DefiLlama stablecoins
2026-10-07T01:34:52+00:00,Base Dollar,BD,peggedUSD,crypto-backed,119572.36396391818,126156.26778889819,-6583.903824980007,-0.05218847973528425,,1,DefiLlama stablecoins
2026-10-07T01:34:52+00:00,Quill USD,USDQ,peggedUSD,crypto-backed,117290.89839452125,117320.89839452125,-30.0,-0.00025570891810866803,,1,DefiLlama stablecoins
2026-10-07T01:34:52+00:00,Last USD,USDXL,peggedUSD,crypto-backed,112429.90482130513,114553.27764250783,-2123.3728212027054,-0.018536115813545043,0.994728302425692,1,DefiLlama stablecoins
2026-10-07T01:34:52+00:00,High Yield USD,HYUSD,peggedUSD,algorithmic,108523.47569603288,111021.07903163576,-2497.6033356028784,-0.022496658809190457,0.9997012204732953,2,DefiLlama stablecoins
2026-10-07T01:34:52+00:00,peg-eUSD,peUSD,peggedUSD,crypto-backed,104084.13831819469,106341.83021780511,-2257.6918996104214,-0.021230515733896123,0.9997012204732953,2,DefiLlama stablecoins
2026-10-07T01:34:52+00:00,TheStandard USD,USDS,peggedUSD,crypto-backed,100769.6492615901,100769.6492615901,0.0,0.0,,1,DefiLlama stablecoins
2026-10-07T01:34:52+00:00,iAUSD,IAUSD,peggedUSD,crypto-backed,98434.20173002635,136246.30087247601,-37812.09914244966,-0.27752752845628503,0.9997012204732953,1,DefiLlama stablecoins
2026-10-07T01:34:52+00:00,Phoenix USD,phUSD,peggedUSD,crypto-backed,95744.7265907604,89457.9864970247,6286.7400937357015,0.07027589531030629,,1,DefiLlama stablecoins
2026-10-07T01:34:52+00:00,eUSD,EUSD,peggedUSD,crypto-backed,88794.47338511415,92755.00681158312,-3960.5334264689736,-0.04269886405716254,,1,DefiLlama stablecoins
2026-10-07T01:34:52+00:00,UST1,UST1,peggedUSD,crypto-backed,87862.406295,53933.20212,33929.20417499999,0.6290967871610585,,1,DefiLlama stablecoins
2026-10-07T01:34:52+00:00,Sable Coin,USDS,peggedUSD,crypto-backed,84673.45550848635,92596.13965766935,-7922.684149182998,-0.08556171108723748,0.9997012204732953,2,DefiLlama stablecoins
2026-10-07T01:34:52+00:00,HYDT,HYDT,peggedUSD,algorithmic,83422.66009102478,83422.66009102478,0.0,0.0,0.9337645134514349,1,DefiLlama stablecoins
2026-10-07T01:34:52+00:00,Magma Wen,WEN,peggedUSD,crypto-backed,83233.69818953979,83233.69818953979,0.0,0.0,0.9997012204732953,1,DefiLlama stablecoins
2026-10-07T01:34:52+00:00,arUSD,ARUSD,peggedUSD,crypto-backed,78348.44542500834,78348.44542500834,0.0,0.0,0.9997012204732953,1,DefiLlama stablecoins
2026-10-07T01:34:52+00:00,Vesta Stable,VST,peggedUSD,crypto-backed,77750.17062903366,75923.62672905844,1826.5438999752223,0.024057648174440338,0.9997012204732953,1,DefiLlama stablecoins
2026-10-07T01:34:52+00:00,Stabl.fi Cash,CASH,peggedUSD,crypto-backed,70336.38407255418,70301.65550154046,34.7285710137221,0.0004939936444734381,,1,DefiLlama stablecoins
2026-10-07T01:34:52+00:00,Mynth MyUSD,MyUSD,peggedUSD,algorithmic,68550.83136374275,68550.83136374275,0.0,0.0,0.9997012204732953,1,DefiLlama stablecoins
2026-10-07T01:34:52+00:00,STAR,STAR,peggedUSD,crypto-backed,66493.0741717586,66490.84593243603,2.2282393225759733,3.3511971329710185e-05,,3,DefiLlama stablecoins
2026-10-07T01:34:52+00:00,invUSD Stablecoin,invUSD,peggedUSD,crypto-backed,66444.68757594073,102627.48882827743,-36182.80125233671,-0.3525644217299322,0.9966760515457673,1,DefiLlama stablecoins
2026-10-07T01:34:52+00:00,Orby USC,USC,peggedUSD,crypto-backed,55809.373215964486,70592.08998621024,-14782.716770245752,-0.20941038540059476,,1,DefiLlama stablecoins
2026-10-07T01:34:52+00:00,VDollar Finance,VUSD,peggedUSD,crypto-backed,54662.95280508602,53657.36064032096,1005.5921647650539,0.01874099196764067,0.9997012204732953,3,DefiLlama stablecoins
2026-10-07T01:34:52+00:00,Ethos Reserve Note,ERN,peggedUSD,crypto-backed,51515.22766234593,51792.630971114,-277.4033087680655,-0.005356038176990468,0.9984427059010902,1,DefiLlama stablecoins
2026-10-07T01:34:52+00:00,HEX Dollar Coin,HEXDC,peggedUSD,crypto-backed,50459.241612058366,49200.600946085266,1258.6406659731,0.02558181489190217,1.0173440412917074,1,DefiLlama stablecoins
2026-10-07T01:34:52+00:00,XBANKING USDE,USDE,peggedUSD,crypto-backed,49147.574013545,49147.574013545,0.0,0.0,,1,DefiLlama stablecoins
2026-10-07T01:34:52+00:00,NonDollar,USDA+,peggedUSD,crypto-backed,48496.308038516574,48496.308038516574,0.0,0.0,0.9997012204732953,2,DefiLlama stablecoins
2026-10-07T01:34:52+00:00,Bytecash,BYC,peggedUSD,crypto-backed,43306.113152951024,,,,0.9997012204732953,1,DefiLlama stablecoins
2026-10-07T01:34:52+00:00,Whale Asset Dollar,WAD,peggedUSD,crypto-backed,38759.91624271886,35647.387541257136,3112.5287014617206,0.08731435642680352,0.9997012204732953,2,DefiLlama stablecoins
2026-10-07T01:34:52+00:00,Redeemable USD,RUSD,peggedUSD,fiat-backed,38690.156218565135,38690.156218565135,0.0,0.0,0.9997012204732953,1,DefiLlama stablecoins
2026-10-07T01:34:52+00:00,Hedge USD,USH,peggedUSD,crypto-backed,38312.010931171,38316.770515924,-4.759584753002855,-0.00012421675127930804,,1,DefiLlama stablecoins
2026-10-07T01:34:52+00:00,Coin98 Dollar,CUSD,peggedUSD,crypto-backed,36355.142553351514,36391.89414035151,-36.751586999998835,-0.0010098838729927083,,3,DefiLlama stablecoins
2026-10-07T01:34:52+00:00,Coinshift,csUSDL,peggedUSD,crypto-backed,34855.566418439645,35239.98118741205,-384.414768972405,-0.010908483944075443,,1,DefiLlama stablecoins
2026-10-07T01:34:52+00:00,Moremoney USD,MONEY,peggedUSD,crypto-backed,34554.18763089219,34554.18763089219,0.0,0.0,,1,DefiLlama stablecoins
2026-10-07T01:34:52+00:00,HRUSD,HRUSD,peggedUSD,crypto-backed,32616.946490999995,31794.118344,822.8281469999965,0.025879885647317403,,1,DefiLlama stablecoins
2026-10-07T01:34:52+00:00,Move Dollar,MOD,peggedUSD,crypto-backed,31917.169404235632,31917.169404235632,0.0,0.0,0.9945707277149479,1,DefiLlama stablecoins
2026-10-07T01:34:52+00:00,Nerite USND,USND,peggedUSD,crypto-backed,31527.99108061997,57390.93177103771,-25862.940690417738,-0.4506450739221044,0.9952291412441837,1,DefiLlama stablecoins
2026-10-07T01:34:52+00:00,Dyad,DYAD,peggedUSD,crypto-backed,31492.2649889081,31492.2649889081,0.0,0.0,1.0016309419330034,1,DefiLlama stablecoins
2026-10-07T01:34:52+00:00,ARYZE eUSD,eUSD,peggedUSD,fiat-backed,26708.003122110596,26708.003122110596,0.0,0.0,,3,DefiLlama stablecoins
2026-10-07T01:34:52+00:00,BaoUSD,BAOUSD,peggedUSD,crypto-backed,25177.851350885754,25177.851350885754,0.0,0.0,0.9997012204732953,1,DefiLlama stablecoins
2026-10-07T01:34:52+00:00,3USD,3USD,peggedUSD,crypto-backed,23517.338281847573,432659.88877901173,-409142.55049716413,-0.9456447456957132,0.9997012204732953,1,DefiLlama stablecoins
2026-10-07T01:34:52+00:00,Parallel USD,PAUSD,peggedUSD,crypto-backed,22364.301469888178,21638.382636137983,725.9188337501946,0.03354773995621313,0.9997012204732953,2,DefiLlama stablecoins
2026-10-07T01:34:52+00:00,CLever USD,clevUSD,peggedUSD,crypto-backed,22350.301929513138,22350.301929513138,0.0,0.0,0.9997012204732953,1,DefiLlama stablecoins
2026-10-07T01:34:52+00:00,Digital Standard Unit,DSU,peggedUSD,crypto-backed,21751.130712077724,21964.799080290082,-213.66836821235847,-0.009727763383189418,0.9997012204732953,3,DefiLlama stablecoins
2026-10-07T01:34:52+00:00,BOB,BOB,peggedUSD,crypto-backed,20852.992525528192,21119.761607772296,-266.76908224410363,-0.012631254424099644,0.999506962930634,5,DefiLlama stablecoins
2026-10-07T01:34:52+00:00,UNO,UNO,peggedUSD,fiat-backed,19433.60242987278,19220.111579827346,213.49085004543304,0.011107680054756,1.181099421487952,1,DefiLlama stablecoins
2026-10-07T01:34:52+00:00,EBUSD,EBUSD,peggedUSD,crypto-backed,18659.098854783588,18659.098854783588,0.0,0.0,,2,DefiLlama stablecoins
2026-10-07T01:34:52+00:00,DAI+,DAI+,peggedUSD,crypto-backed,17853.85610640582,17941.61831657161,-87.76221016579075,-0.004891543706775324,,3,DefiLlama stablecoins
2026-10-07T01:34:52+00:00,Hyperstable USD,USH,peggedUSD,crypto-backed,15677.100394447685,16114.544220824162,-437.44382637647686,-0.027145901266707018,0.9997146189511859,1,DefiLlama stablecoins
2026-10-07T01:34:52+00:00,GAI Stablecoin,GAI,peggedUSD,crypto-backed,14294.777540943805,14294.777540943805,0.0,0.0,0.9997012204732953,1,DefiLlama stablecoins
2026-10-07T01:34:52+00:00,Fuse Dollar V3,FUSD,peggedUSD,crypto-backed,14032.998215764,12974.041944093306,1058.956271670695,0.08162115370320706,0.833751466270231,1,DefiLlama stablecoins
2026-10-07T01:34:52+00:00,btcUSD,btcUSD,peggedUSD,crypto-backed,13426.41044449669,13426.41044449669,0.0,0.0,0.9997012204732953,1,DefiLlama stablecoins
2026-10-07T01:34:52+00:00,Classic USD,USC,peggedUSD,fiat-backed,13134.115802255617,13098.83498009327,35.28082216234725,0.0026934320659787432,0.9395691654420375,2,DefiLlama stablecoins
2026-10-07T01:34:52+00:00,PrismaLRT Ultra,ULTRA,peggedUSD,crypto-backed,12910.675852811675,12910.675852811675,0.0,0.0,0.9997012204732953,1,DefiLlama stablecoins
2026-10-07T01:34:52+00:00,Mead,MEAD,peggedUSD,crypto-backed,12874.368771265652,12874.368771265652,0.0,0.0,,1,DefiLlama stablecoins
2026-10-07T01:34:52+00:00,Dackie USD,DCKUSD,peggedUSD,algorithmic,11155.477764495095,11155.477764495095,0.0,0.0,0.9997012204732953,1,DefiLlama stablecoins
2026-10-07T01:34:52+00:00,Revenue Generating USD,rgUSD,peggedUSD,crypto-backed,10887.635333748645,10887.635333748645,0.0,0.0,0.9997012204732953,3,DefiLlama stablecoins
2026-10-07T01:34:52+00:00,Arche Protocol MSD,MSD,peggedUSD,crypto-backed,10817.823633787582,10817.823633787582,0.0,0.0,0.9997012204732953,1,DefiLlama stablecoins
2026-10-07T01:34:52+00:00,Offshift anonUSD,ANONUSD,peggedUSD,algorithmic,10799.61906111122,10799.61906111122,0.0,0.0,0.9997012204732953,1,DefiLlama stablecoins
2026-10-07T01:34:52+00:00,Chi USC,USC,peggedUSD,crypto-backed,7031.855879021566,7031.855879021566,0.0,0.0,0.9997012204732953,1,DefiLlama stablecoins
2026-10-07T01:34:52+00:00,PUSd,PUSD,peggedUSD,crypto-backed,6644.103710654349,6644.103710654349,0.0,0.0,0.9997012204732953,1,DefiLlama stablecoins
2026-10-07T01:34:52+00:00,Jigsaw USD,JUSD,peggedUSD,crypto-backed,6507.047456957999,6507.047456957999,0.0,0.0,1.012158460318184,1,DefiLlama stablecoins
2026-10-07T01:34:52+00:00,Nexus,NEX,peggedUSD,algorithmic,5182.550652188568,5182.550652188568,0.0,0.0,0.9997012204732953,2,DefiLlama stablecoins
2026-10-07T01:34:52+00:00,USK,USK,peggedUSD,crypto-backed,5099.014746,5099.014746,0.0,0.0,,2,DefiLlama stablecoins
2026-10-07T01:34:52+00:00,TREN Debt Token,XY,peggedUSD,crypto-backed,4577.804286369142,4577.804286369142,0.0,0.0,0.9997012204732953,1,DefiLlama stablecoins
2026-10-07T01:34:52+00:00,Fixed Income Asset Token,FIAT,peggedUSD,crypto-backed,4262.391253444873,4262.391253444873,0.0,0.0,0.9997012204732953,1,DefiLlama stablecoins
2026-10-07T01:34:52+00:00,USDi,USDI,peggedUSD,crypto-backed,3741.9886574535917,3741.9886574535917,0.0,0.0,0.9997012204732953,1,DefiLlama stablecoins
2026-10-07T01:34:52+00:00,KNOX Dollar,KNOX,peggedUSD,crypto-backed,3419.064683993109,3471.7720984661196,-52.70741447301043,-0.015181703458097768,,1,DefiLlama stablecoins
2026-10-07T01:34:52+00:00,Asymmetry USDaf,USDaf,peggedUSD,crypto-backed,2649.7228146085613,2796.023262859187,-146.30044825062578,-0.052324474618648316,,1,DefiLlama stablecoins
2026-10-07T01:34:52+00:00,Money Protocol,BPD,peggedUSD,crypto-backed,2198.1756145910767,2198.1756145910767,0.0,0.0,0.9946495993624782,1,DefiLlama stablecoins
2026-10-07T01:34:52+00:00,Orki USD,USDK,peggedUSD,crypto-backed,2180.303088827489,2180.303088827489,0.0,0.0,0.9997012204732953,1,DefiLlama stablecoins
2026-10-07T01:34:52+00:00,Parabol USD,paraUSD,peggedUSD,fiat-backed,2032.2702654027976,2032.2702654027976,0.0,0.0,,1,DefiLlama stablecoins
2026-10-07T01:34:52+00:00,Deaderal Reserve Note,USDeAD,peggedUSD,crypto-backed,1656.4246175134426,1656.4246175134426,0.0,0.0,,11,DefiLlama stablecoins
2026-10-07T01:34:52+00:00,Gaming XP USD,xpUSD,peggedUSD,fiat-backed,1477.4684307496877,1477.4684307496877,0.0,0.0,0.9997012204732953,2,DefiLlama stablecoins
2026-10-07T01:34:52+00:00,Kerne USD,kUSD,peggedUSD,crypto-backed,1110.243248,1109.707154,0.5360940000000483,0.0004830950202201258,,1,DefiLlama stablecoins
2026-10-07T01:34:52+00:00,Uncap USD,USDU,peggedUSD,crypto-backed,915.0069511663183,915.0069511663183,0.0,0.0,,1,DefiLlama stablecoins
2026-10-07T01:34:52+00:00,USD Stable Colb,SCB,peggedUSD,fiat-backed,820.9925416004877,820.9925416004877,0.0,0.0,0.9997012204732953,1,DefiLlama stablecoins
2026-10-07T01:34:52+00:00,litUSD,litUSD,peggedUSD,fiat-backed,506.7885367067323,506.7885367067323,0.0,0.0,0.9997012204732953,1,DefiLlama stablecoins
2026-10-07T01:34:52+00:00,PSY,sLSD,peggedUSD,crypto-backed,403.8792930712113,403.8792930712113,0.0,0.0,0.9997012204732953,1,DefiLlama stablecoins
2026-10-07T01:34:52+00:00,Deuterium,d2O,peggedUSD,crypto-backed,107.45059028931442,107.45059028931442,0.0,0.0,0.9997012204732953,2,DefiLlama stablecoins
2026-10-07T01:34:52+00:00,Phase Dollar,CASH,peggedUSD,fiat-backed,70.61930702095457,70.61930702095457,0.0,0.0,,1,DefiLlama stablecoins
2026-10-07T01:34:52+00:00,fUSD,FUSD,peggedUSD,fiat-backed,60.3,60.3,0.0,0.0,,2,DefiLlama stablecoins
2026-10-07T01:34:52+00:00,Chad USD,cUSD,peggedUSD,crypto-backed,50.01194000165915,50.01194000165915,0.0,0.0,0.9997012204732953,1,DefiLlama stablecoins
2026-10-07T01:34:52+00:00,Rocky USDr,USDR,peggedUSD,crypto-backed,1.4176093167726036,1.4176093167726036,0.0,0.0,0.9997012204732953,1,DefiLlama stablecoins
2026-10-07T01:34:52+00:00,Monet USDmo,USDMO,peggedUSD,crypto-backed,1.0175948122365932,1.0175948122365932,0.0,0.0,0.9997012204732953,1,DefiLlama stablecoins
2026-10-07T01:34:52+00:00,Elixir deUSD,DEUSD,peggedUSD,crypto-backed,0.921532113337797,0.921532113337797,0.0,0.0,1e-08,4,DefiLlama stablecoins
2026-10-07T01:34:52+00:00,TerraClassicUSD,USTC,peggedUSD,algorithmic,0.0,,,,0,17,DefiLlama stablecoins
