rank,name,asset_count,total_value_usd,value_7d_change,value_30d_ago,value_30d_change,market_share,market_share_30d_change
1,BNB Chain,2451,1081689752.0249405,0.15334540114232215,937871474.5414395,0.15334540114232498,0.33532425242935104,-0.018202142074473085
2,Ethereum,2433,748361129.9468504,0.12570018607461397,664796132.4022073,0.12570018607461697,0.23199224729349757,-0.041735433063004056
3,Solana,1534,453249769.1170861,-0.10365976515057763,505667102.1726778,-0.10365976515057518,0.14050760831231257,-0.2369805942989735
4,Avalanche C-Chain,705,431236341.3331365,1.6306358351763937,163928558.855133,1.6306358351764003,0.13368343696258697,1.2393574599597361
5,Arbitrum,5098,163380002.80328664,-0.14832933674827853,191834719.51410553,-0.1483293367482763,0.05064786571136359,-0.27500605455193533
6,Robinhood,352,148064380.6047875,0.9214998382920735,77056670.86414862,0.9214998382920787,0.045900016751356354,0.6356977045826085
7,Provenance,1,69831914.32,-0.12043016156846921,79393257.0999998,-0.12043016156846686,0.021647921154128287,-0.2512565772467879
8,Algorand,1,66489000,0.004070556309362279,66219449.99999983,0.0040705563093648145,0.020611616388190628,-0.14527398261244934
9,Stellar,6,28080644.476468407,0.031826214052057336,27214509.666500505,0.03182621405205999,0.008705010932366721,-0.12164667609169484
10,Ink,1119,10888929.242676338,1.0074125641019613,5424360.411706198,1.0074125641019664,0.003375572386833849,0.7088318499003498
11,Base,904,8037959.97448475,-0.18263364855855335,9833974.643450368,-0.18263364855855113,0.002491770782200217,-0.30420797430605157
12,HyperEVM,1220,6396126.888748531,0.1760699776852096,5438559.788200393,0.1760699776852126,0.0019828018740103773,0.00114240167623159
13,Mantle,1116,4548532.982285808,0.023918444641739638,4442280.541080875,0.02391844464174242,0.0014100470297328544,-0.12837825109110898
14,Polygon,52,3812404.5279097017,0.07431893162092461,3548671.0842538755,0.0743189316209274,0.0011818469167211986,-0.08547428658441644
15,Liquid Network,4,1543348,-0.5119527228984546,3162291.9999999916,-0.5119527228984534,0.00047843849252479707,-0.5845444298385382
16,Monad,112,181264.90767619008,0.15740516438568,156613.1837440005,0.15740516438568308,5.619219332013447e-05,-0.014746224313786799
17,Plume,697,10619.258554777858,0.0010949268623399926,10607.643960459385,0.0010949268623425823,3.2919743665582705e-06,-0.14780701964903264
18,Hedera,36,109.47755938129569,-0.00590627976492264,110.12800619584117,-0.005906279764919975,3.3938086857715214e-08,-0.15376687318703816
19,Plasma,36,71.49,0.0038192591760508768,71.21799999999982,0.0038192591760535244,2.216192837299024e-08,-0.14548790203931264
20,Optimism,1124,20.371331295522037,0.9779658202170212,10.299132112043702,0.9779658202170263,6.315120786596921e-09,0.6837649878480266
